Watching for file changes with StatReloader
[19/Sep/2026 14:59:43] "GET /api/ HTTP/1.1" 200 347
[19/Sep/2026 14:59:58] "GET /api/auth/csrf/ HTTP/1.1" 200 108
[19/Sep/2026 14:59:58] "GET /api/review-sources/ HTTP/1.1" 200 299
[19/Sep/2026 14:59:58] "GET /api/standards/ HTTP/1.1" 200 4546
[19/Sep/2026 14:59:58] "GET /api/companies/?category=sales-marketing HTTP/1.1" 200 35311
[19/Sep/2026 14:59:59] "GET /api/companies/?category=leadership-management HTTP/1.1" 200 93592
[19/Sep/2026 14:59:59] "GET /api/platform-stats/ HTTP/1.1" 200 104
[19/Sep/2026 14:59:59] "GET /api/auth/csrf/ HTTP/1.1" 200 108
[19/Sep/2026 15:00:00] "GET /api/auth/me/ HTTP/1.1" 200 155
[19/Sep/2026 15:00:00] "GET /api/review-sources/ HTTP/1.1" 200 299
[19/Sep/2026 15:00:00] "GET /api/standards/ HTTP/1.1" 200 4546
[19/Sep/2026 15:00:01] "GET /api/companies/?category=sales-marketing HTTP/1.1" 200 35311
[19/Sep/2026 15:00:01] "GET /api/companies/?category=leadership-management HTTP/1.1" 200 93592
[19/Sep/2026 15:00:01] "GET /api/auth/me/ HTTP/1.1" 200 155
[19/Sep/2026 15:00:01] "GET /api/platform-stats/ HTTP/1.1" 200 104
[19/Sep/2026 15:00:02] "GET /api/notifications/ HTTP/1.1" 200 282
[19/Sep/2026 15:00:02] "GET /api/standards/ HTTP/1.1" 200 4546
[19/Sep/2026 15:00:03] "GET /api/notifications/ HTTP/1.1" 200 282
[19/Sep/2026 15:00:03] "GET /api/standards/ HTTP/1.1" 200 4546
[19/Sep/2026 15:00:03] "GET /api/companies/?category=sales-marketing&sort_by=reviews HTTP/1.1" 200 35311
[19/Sep/2026 15:00:04] "GET /api/companies/?category=leadership-management&sort_by=reviews HTTP/1.1" 200 93592
[19/Sep/2026 15:00:06] "GET /api/companies/ HTTP/1.1" 200 117740
[19/Sep/2026 15:00:06] "GET /api/reviews/?sort_by=newest&limit=9 HTTP/1.1" 200 11134
[19/Sep/2026 15:00:08] "GET /api/competitors/ HTTP/1.1" 200 206291
[19/Sep/2026 15:00:08] "GET /api/notifications/ HTTP/1.1" 200 282
[19/Sep/2026 15:00:08] "GET /api/saved-providers/ HTTP/1.1" 200 2
[19/Sep/2026 15:00:08] "GET /api/rating-categories/ HTTP/1.1" 200 1176
[19/Sep/2026 15:00:09] "GET /api/reviews/?limit=200&mine=true HTTP/1.1" 200 659
[19/Sep/2026 15:00:09] "GET /api/companies/ HTTP/1.1" 200 117740
[19/Sep/2026 15:00:10] "GET /api/notifications/ HTTP/1.1" 200 282
[19/Sep/2026 15:00:10] "GET /api/rating-categories/ HTTP/1.1" 200 1176
[19/Sep/2026 15:00:10] "GET /api/saved-providers/ HTTP/1.1" 200 2
[19/Sep/2026 15:00:10] "GET /api/reviews/?limit=200&mine=true HTTP/1.1" 200 659
[19/Sep/2026 15:00:10] "GET /api/companies/ HTTP/1.1" 200 117740
[19/Sep/2026 15:00:11] "GET /api/notifications/ HTTP/1.1" 200 282
[19/Sep/2026 15:00:13] "GET /api/notifications/ HTTP/1.1" 200 282
[19/Sep/2026 15:00:17] "GET /api/notifications/ HTTP/1.1" 200 282
[19/Sep/2026 15:00:17] "GET /api/reviews/85014be9-8329-4294-84ae-fc5bbb2505f6/ HTTP/1.1" 200 599
[19/Sep/2026 15:00:19] "GET /api/notifications/ HTTP/1.1" 200 282
[19/Sep/2026 15:00:19] "GET /api/reviews/85014be9-8329-4294-84ae-fc5bbb2505f6/response/ HTTP/1.1" 200 0
[19/Sep/2026 15:00:19] "GET /api/rating-categories/ HTTP/1.1" 200 1176
[19/Sep/2026 15:00:19] "GET /api/standards/marketing-executive-level-4/ HTTP/1.1" 200 1159
[19/Sep/2026 15:00:19] "GET /api/companies/glp-training/ HTTP/1.1" 200 562
[19/Sep/2026 15:00:19] "GET /api/reviews/85014be9-8329-4294-84ae-fc5bbb2505f6/ HTTP/1.1" 200 599
[19/Sep/2026 15:00:21] "GET /api/standards/marketing-executive-level-4/ HTTP/1.1" 200 1159
[19/Sep/2026 15:00:21] "GET /api/reviews/85014be9-8329-4294-84ae-fc5bbb2505f6/response/ HTTP/1.1" 200 0
[19/Sep/2026 15:00:21] "GET /api/companies/glp-training/ HTTP/1.1" 200 562
[19/Sep/2026 15:00:21] "GET /api/rating-categories/ HTTP/1.1" 200 1176
[19/Sep/2026 15:00:31] "GET /api/auth/csrf/ HTTP/1.1" 200 108
[19/Sep/2026 15:00:32] "GET /api/review-sources/ HTTP/1.1" 200 299
[19/Sep/2026 15:00:32] "GET /api/standards/ HTTP/1.1" 200 4546
[19/Sep/2026 15:00:32] "GET /api/companies/?category=sales-marketing HTTP/1.1" 200 35311
[19/Sep/2026 15:00:32] "GET /api/companies/?category=leadership-management HTTP/1.1" 200 93592
[19/Sep/2026 15:00:32] "GET /api/platform-stats/ HTTP/1.1" 200 104
[19/Sep/2026 15:00:33] "GET /api/auth/csrf/ HTTP/1.1" 200 108
[19/Sep/2026 15:00:33] "GET /api/auth/me/ HTTP/1.1" 200 147
[19/Sep/2026 15:00:34] "GET /api/review-sources/ HTTP/1.1" 200 299
[19/Sep/2026 15:00:34] "GET /api/standards/ HTTP/1.1" 200 4546
[19/Sep/2026 15:00:34] "GET /api/companies/?category=sales-marketing HTTP/1.1" 200 35311
[19/Sep/2026 15:00:35] "GET /api/companies/?category=leadership-management HTTP/1.1" 200 93592
[19/Sep/2026 15:00:35] "GET /api/platform-stats/ HTTP/1.1" 200 104
[19/Sep/2026 15:00:35] "GET /api/auth/me/ HTTP/1.1" 200 147
[19/Sep/2026 15:00:36] "GET /api/notifications/ HTTP/1.1" 200 2
[19/Sep/2026 15:00:36] "GET /api/standards/ HTTP/1.1" 200 4546
[19/Sep/2026 15:00:37] "GET /api/rating-categories/ HTTP/1.1" 200 1176
[19/Sep/2026 15:00:38] "GET /api/companies/ HTTP/1.1" 200 117740
[19/Sep/2026 15:00:38] "GET /api/notifications/ HTTP/1.1" 200 2
[19/Sep/2026 15:00:38] "GET /api/notifications/ HTTP/1.1" 200 282
[19/Sep/2026 15:00:38] "GET /api/standards/ HTTP/1.1" 200 4546
[19/Sep/2026 15:00:38] "GET /api/rating-categories/ HTTP/1.1" 200 1176
[19/Sep/2026 15:00:39] "GET /api/notifications/ HTTP/1.1" 200 2
[19/Sep/2026 15:00:39] "GET /api/standards/ HTTP/1.1" 200 4546
[19/Sep/2026 15:00:40] "GET /api/companies/ HTTP/1.1" 200 117740
[19/Sep/2026 15:00:41] "GET /api/notifications/ HTTP/1.1" 200 2
[19/Sep/2026 15:00:41] "GET /api/standards/ HTTP/1.1" 200 4546
[19/Sep/2026 15:00:52] "POST /api/reviews/ HTTP/1.1" 201 560
[19/Sep/2026 15:00:57] "GET /api/notifications/ HTTP/1.1" 200 2
[19/Sep/2026 15:00:58] "GET /api/notifications/ HTTP/1.1" 200 282
[19/Sep/2026 15:01:09] "GET /api/rating-categories/ HTTP/1.1" 200 1176
[19/Sep/2026 15:01:10] "GET /api/notifications/ HTTP/1.1" 200 282
[19/Sep/2026 15:01:10] "GET /api/standards/ HTTP/1.1" 200 4546
[19/Sep/2026 15:01:10] "GET /api/companies/ HTTP/1.1" 200 117740
[19/Sep/2026 15:01:11] "GET /api/rating-categories/ HTTP/1.1" 200 1176
[19/Sep/2026 15:01:11] "GET /api/notifications/ HTTP/1.1" 200 282
[19/Sep/2026 15:01:11] "GET /api/standards/ HTTP/1.1" 200 4546
[19/Sep/2026 15:01:12] "GET /api/companies/ HTTP/1.1" 200 117740
[19/Sep/2026 15:01:17] "GET /api/notifications/ HTTP/1.1" 200 2
[19/Sep/2026 15:01:24] "POST /api/reviews/ HTTP/1.1" 201 564
[19/Sep/2026 15:01:30] "GET /api/notifications/ HTTP/1.1" 200 282
[19/Sep/2026 15:01:37] "GET /api/notifications/ HTTP/1.1" 200 2
[19/Sep/2026 15:01:50] "GET /api/notifications/ HTTP/1.1" 200 282
[19/Sep/2026 15:01:57] "GET /api/notifications/ HTTP/1.1" 200 2
[19/Sep/2026 15:02:10] "GET /api/notifications/ HTTP/1.1" 200 282
[19/Sep/2026 15:02:17] "GET /api/notifications/ HTTP/1.1" 200 2
[19/Sep/2026 15:02:30] "GET /api/notifications/ HTTP/1.1" 200 282
[19/Sep/2026 15:02:37] "GET /api/notifications/ HTTP/1.1" 200 2
[19/Sep/2026 15:02:50] "GET /api/notifications/ HTTP/1.1" 200 282
[19/Sep/2026 15:02:57] "GET /api/notifications/ HTTP/1.1" 200 2
[19/Sep/2026 15:03:10] "GET /api/notifications/ HTTP/1.1" 200 282
[19/Sep/2026 15:03:18] "GET /api/notifications/ HTTP/1.1" 200 2
[19/Sep/2026 15:03:37] "GET /api/notifications/ HTTP/1.1" 200 2
[19/Sep/2026 15:03:47] "GET /api/notifications/ HTTP/1.1" 200 282
[19/Sep/2026 15:03:57] "GET /api/notifications/ HTTP/1.1" 200 2
[19/Sep/2026 15:04:17] "GET /api/notifications/ HTTP/1.1" 200 2
[19/Sep/2026 15:04:37] "GET /api/notifications/ HTTP/1.1" 200 2
[19/Sep/2026 15:04:49] "GET /api/notifications/ HTTP/1.1" 200 282
[19/Sep/2026 15:04:57] "GET /api/notifications/ HTTP/1.1" 200 2
[19/Sep/2026 15:05:18] "GET /api/notifications/ HTTP/1.1" 200 2
[19/Sep/2026 15:05:37] "GET /api/notifications/ HTTP/1.1" 200 2
[19/Sep/2026 15:05:47] "GET /api/notifications/ HTTP/1.1" 200 282
[19/Sep/2026 15:05:57] "GET /api/notifications/ HTTP/1.1" 200 2
[19/Sep/2026 15:06:47] "GET /api/notifications/ HTTP/1.1" 200 282
[19/Sep/2026 15:06:47] "GET /api/notifications/ HTTP/1.1" 200 2
[19/Sep/2026 15:07:47] "GET /api/notifications/ HTTP/1.1" 200 282
[19/Sep/2026 15:07:47] "GET /api/notifications/ HTTP/1.1" 200 2
[19/Sep/2026 15:08:47] "GET /api/notifications/ HTTP/1.1" 200 282
[19/Sep/2026 15:08:47] "GET /api/notifications/ HTTP/1.1" 200 2
[19/Sep/2026 15:09:47] "GET /api/notifications/ HTTP/1.1" 200 282
[19/Sep/2026 15:09:47] "GET /api/notifications/ HTTP/1.1" 200 2
[19/Sep/2026 15:09:59] "GET /api/notifications/ HTTP/1.1" 200 282
[19/Sep/2026 15:10:10] "GET /api/notifications/ HTTP/1.1" 200 282
[19/Sep/2026 15:10:31] "GET /api/notifications/ HTTP/1.1" 200 282
[19/Sep/2026 15:10:48] "GET /api/notifications/ HTTP/1.1" 200 2
[19/Sep/2026 15:10:53] "GET /api/notifications/ HTTP/1.1" 200 282
[19/Sep/2026 15:11:10] "GET /api/notifications/ HTTP/1.1" 200 282
[19/Sep/2026 15:11:30] "GET /api/notifications/ HTTP/1.1" 200 282
[19/Sep/2026 15:11:48] "GET /api/notifications/ HTTP/1.1" 200 2
[19/Sep/2026 15:12:31] "GET /api/notifications/ HTTP/1.1" 200 282
[19/Sep/2026 15:12:47] "GET /api/notifications/ HTTP/1.1" 200 2
[19/Sep/2026 15:13:32] "GET /api/notifications/ HTTP/1.1" 200 282
[19/Sep/2026 15:13:47] "GET /api/notifications/ HTTP/1.1" 200 2
[19/Sep/2026 15:14:33] "GET /api/notifications/ HTTP/1.1" 200 282
[19/Sep/2026 15:14:47] "GET /api/notifications/ HTTP/1.1" 200 2
[19/Sep/2026 15:15:36] "GET /api/notifications/ HTTP/1.1" 200 282
[19/Sep/2026 15:15:47] "GET /api/notifications/ HTTP/1.1" 200 2
[19/Sep/2026 15:16:35] "GET /api/notifications/ HTTP/1.1" 200 282
[19/Sep/2026 15:16:47] "GET /api/notifications/ HTTP/1.1" 200 2
[19/Sep/2026 15:17:36] "GET /api/notifications/ HTTP/1.1" 200 282
[19/Sep/2026 15:17:47] "GET /api/notifications/ HTTP/1.1" 200 2
[19/Sep/2026 15:18:37] "GET /api/notifications/ HTTP/1.1" 200 282
[19/Sep/2026 15:18:47] "GET /api/notifications/ HTTP/1.1" 200 2
[19/Sep/2026 15:19:38] "GET /api/notifications/ HTTP/1.1" 200 282
[19/Sep/2026 15:19:49] "GET /api/notifications/ HTTP/1.1" 200 2
[19/Sep/2026 15:20:39] "GET /api/notifications/ HTTP/1.1" 200 282
[19/Sep/2026 15:20:48] "GET /api/notifications/ HTTP/1.1" 200 2
[19/Sep/2026 15:21:40] "GET /api/notifications/ HTTP/1.1" 200 282
[19/Sep/2026 15:21:47] "GET /api/notifications/ HTTP/1.1" 200 2
[19/Sep/2026 15:21:57] "GET /api/notifications/ HTTP/1.1" 200 2
[19/Sep/2026 15:22:17] "GET /api/notifications/ HTTP/1.1" 200 2
[19/Sep/2026 15:22:37] "GET /api/notifications/ HTTP/1.1" 200 2
[19/Sep/2026 15:22:41] "GET /api/notifications/ HTTP/1.1" 200 282
[19/Sep/2026 15:22:57] "GET /api/notifications/ HTTP/1.1" 200 2
[19/Sep/2026 15:23:43] "GET /api/notifications/ HTTP/1.1" 200 282
[19/Sep/2026 15:23:50] "GET /api/notifications/ HTTP/1.1" 200 2
[19/Sep/2026 15:24:43] "GET /api/notifications/ HTTP/1.1" 200 282
[19/Sep/2026 15:24:47] "GET /api/notifications/ HTTP/1.1" 200 2
[19/Sep/2026 15:25:46] "GET /api/notifications/ HTTP/1.1" 200 282
[19/Sep/2026 15:25:47] "GET /api/notifications/ HTTP/1.1" 200 2
[19/Sep/2026 15:25:59] "GET /api/notifications/ HTTP/1.1" 200 282
[19/Sep/2026 15:26:10] "GET /api/notifications/ HTTP/1.1" 200 282
[19/Sep/2026 15:26:30] "GET /api/notifications/ HTTP/1.1" 200 282
[19/Sep/2026 15:26:35] "GET /api/notifications/ HTTP/1.1" 200 2
[19/Sep/2026 15:26:39] "GET /api/notifications/ HTTP/1.1" 200 2
[19/Sep/2026 15:26:50] "GET /api/notifications/ HTTP/1.1" 200 282
[19/Sep/2026 15:26:57] "GET /api/notifications/ HTTP/1.1" 200 2
[19/Sep/2026 15:27:17] "GET /api/notifications/ HTTP/1.1" 200 2
[19/Sep/2026 15:27:47] "GET /api/notifications/ HTTP/1.1" 200 2
[19/Sep/2026 15:27:47] "GET /api/notifications/ HTTP/1.1" 200 282
[19/Sep/2026 15:28:47] "GET /api/notifications/ HTTP/1.1" 200 2
[19/Sep/2026 15:28:47] "GET /api/notifications/ HTTP/1.1" 200 282
[19/Sep/2026 15:29:47] "GET /api/notifications/ HTTP/1.1" 200 2
[19/Sep/2026 15:29:47] "GET /api/notifications/ HTTP/1.1" 200 282
[19/Sep/2026 15:30:47] "GET /api/notifications/ HTTP/1.1" 200 282
[19/Sep/2026 15:30:47] "GET /api/notifications/ HTTP/1.1" 200 2
[19/Sep/2026 15:31:34] "GET /api/notifications/ HTTP/1.1" 200 2
[19/Sep/2026 15:31:37] "GET /api/notifications/ HTTP/1.1" 200 2
[19/Sep/2026 15:31:47] "GET /api/notifications/ HTTP/1.1" 200 282
[19/Sep/2026 15:31:57] "GET /api/notifications/ HTTP/1.1" 200 2
[19/Sep/2026 15:32:17] "GET /api/notifications/ HTTP/1.1" 200 2
[19/Sep/2026 15:32:47] "GET /api/notifications/ HTTP/1.1" 200 282
[19/Sep/2026 15:32:47] "GET /api/notifications/ HTTP/1.1" 200 2
[19/Sep/2026 15:33:47] "GET /api/notifications/ HTTP/1.1" 200 2
[19/Sep/2026 15:33:47] "GET /api/notifications/ HTTP/1.1" 200 282
[19/Sep/2026 15:34:47] "GET /api/notifications/ HTTP/1.1" 200 282
[19/Sep/2026 15:34:48] "GET /api/notifications/ HTTP/1.1" 200 2
[19/Sep/2026 15:34:49] "GET /api/review-sources/ HTTP/1.1" 200 299
[19/Sep/2026 15:34:50] "GET /api/standards/ HTTP/1.1" 200 4546
[19/Sep/2026 15:34:50] "GET /api/platform-stats/ HTTP/1.1" 200 104
[19/Sep/2026 15:34:51] "GET /api/notifications/ HTTP/1.1" 200 282
[19/Sep/2026 15:34:52] "GET /api/review-sources/ HTTP/1.1" 200 299
[19/Sep/2026 15:34:52] "GET /api/standards/ HTTP/1.1" 200 4546
[19/Sep/2026 15:34:54] "GET /api/companies/?category=sales-marketing HTTP/1.1" 200 35311
[19/Sep/2026 15:34:55] "GET /api/standards/ HTTP/1.1" 200 4546
[19/Sep/2026 15:34:56] "GET /api/platform-stats/ HTTP/1.1" 200 104
[19/Sep/2026 15:34:57] "GET /api/companies/?category=sales-marketing HTTP/1.1" 200 35311
[19/Sep/2026 15:34:57] "GET /api/notifications/ HTTP/1.1" 200 282
[19/Sep/2026 15:34:58] "GET /api/companies/?category=sales-marketing&sort_by=reviews HTTP/1.1" 200 35311
[19/Sep/2026 15:34:58] "GET /api/standards/ HTTP/1.1" 200 4546
[19/Sep/2026 15:35:00] "GET /api/companies/?category=leadership-management HTTP/1.1" 200 93592
[19/Sep/2026 15:35:03] "GET /api/companies/?category=leadership-management&sort_by=reviews HTTP/1.1" 200 93592
[19/Sep/2026 15:35:05] "GET /api/reviews/?sort_by=newest&limit=9 HTTP/1.1" 200 9944
[19/Sep/2026 15:35:06] "GET /api/companies/?category=leadership-management HTTP/1.1" 200 93592
[19/Sep/2026 15:35:08] "GET /api/companies/ HTTP/1.1" 200 117740
[19/Sep/2026 15:35:09] "GET /api/notifications/ HTTP/1.1" 200 282
[19/Sep/2026 15:35:11] "GET /api/competitors/ HTTP/1.1" 200 206291
[19/Sep/2026 15:35:31] "GET /api/notifications/ HTTP/1.1" 200 282
[19/Sep/2026 15:35:48] "GET /api/notifications/ HTTP/1.1" 200 2
[19/Sep/2026 15:35:51] "GET /api/notifications/ HTTP/1.1" 200 282
[19/Sep/2026 15:36:09] "GET /api/notifications/ HTTP/1.1" 200 282
[19/Sep/2026 15:36:29] "GET /api/notifications/ HTTP/1.1" 200 282
[19/Sep/2026 15:36:47] "GET /api/notifications/ HTTP/1.1" 200 2
[19/Sep/2026 15:36:49] "GET /api/notifications/ HTTP/1.1" 200 282
[19/Sep/2026 15:37:10] "GET /api/notifications/ HTTP/1.1" 200 282
[19/Sep/2026 15:37:47] "GET /api/notifications/ HTTP/1.1" 200 282
[19/Sep/2026 15:37:47] "GET /api/notifications/ HTTP/1.1" 200 2
[19/Sep/2026 15:38:47] "GET /api/notifications/ HTTP/1.1" 200 282
[19/Sep/2026 15:38:47] "GET /api/notifications/ HTTP/1.1" 200 2
[19/Sep/2026 15:39:47] "GET /api/notifications/ HTTP/1.1" 200 2
[19/Sep/2026 15:39:47] "GET /api/notifications/ HTTP/1.1" 200 282
[19/Sep/2026 15:40:48] "GET /api/notifications/ HTTP/1.1" 200 282
[19/Sep/2026 15:40:49] "GET /api/notifications/ HTTP/1.1" 200 2
[19/Sep/2026 15:41:31] "GET /api/notifications/ HTTP/1.1" 200 282
[19/Sep/2026 15:41:48] "GET /api/notifications/ HTTP/1.1" 200 2
[19/Sep/2026 15:41:50] "GET /api/notifications/ HTTP/1.1" 200 282
[19/Sep/2026 15:42:10] "GET /api/notifications/ HTTP/1.1" 200 282
[19/Sep/2026 15:42:29] "GET /api/notifications/ HTTP/1.1" 200 282
[19/Sep/2026 15:42:47] "GET /api/notifications/ HTTP/1.1" 200 2
[19/Sep/2026 15:43:30] "GET /api/notifications/ HTTP/1.1" 200 282
[19/Sep/2026 15:43:47] "GET /api/notifications/ HTTP/1.1" 200 2
[19/Sep/2026 15:44:31] "GET /api/notifications/ HTTP/1.1" 200 282
[19/Sep/2026 15:44:47] "GET /api/notifications/ HTTP/1.1" 200 2
[19/Sep/2026 15:45:32] "GET /api/notifications/ HTTP/1.1" 200 282
[19/Sep/2026 15:45:50] "GET /api/notifications/ HTTP/1.1" 200 2
[19/Sep/2026 15:46:33] "GET /api/notifications/ HTTP/1.1" 200 282
[19/Sep/2026 15:46:49] "GET /api/notifications/ HTTP/1.1" 200 2
[19/Sep/2026 15:47:35] "GET /api/notifications/ HTTP/1.1" 200 282
[19/Sep/2026 15:47:47] "GET /api/notifications/ HTTP/1.1" 200 2
[19/Sep/2026 15:48:35] "GET /api/notifications/ HTTP/1.1" 200 282
[19/Sep/2026 15:48:48] "GET /api/notifications/ HTTP/1.1" 200 2
[19/Sep/2026 15:49:36] "GET /api/notifications/ HTTP/1.1" 200 282
[19/Sep/2026 15:49:48] "GET /api/notifications/ HTTP/1.1" 200 2
[19/Sep/2026 15:50:38] "GET /api/notifications/ HTTP/1.1" 200 282
[19/Sep/2026 15:50:48] "GET /api/notifications/ HTTP/1.1" 200 2
[19/Sep/2026 15:51:38] "GET /api/notifications/ HTTP/1.1" 200 282
[19/Sep/2026 15:51:47] "GET /api/notifications/ HTTP/1.1" 200 2
[19/Sep/2026 15:52:39] "GET /api/notifications/ HTTP/1.1" 200 282
[19/Sep/2026 15:52:48] "GET /api/notifications/ HTTP/1.1" 200 2
[19/Sep/2026 15:53:40] "GET /api/notifications/ HTTP/1.1" 200 282
[19/Sep/2026 15:53:47] "GET /api/notifications/ HTTP/1.1" 200 2
[19/Sep/2026 15:54:41] "GET /api/notifications/ HTTP/1.1" 200 282
[19/Sep/2026 15:54:48] "GET /api/notifications/ HTTP/1.1" 200 2
[19/Sep/2026 15:55:42] "GET /api/notifications/ HTTP/1.1" 200 282
[19/Sep/2026 15:55:49] "GET /api/notifications/ HTTP/1.1" 200 2
[19/Sep/2026 15:55:58] "GET /api/notifications/ HTTP/1.1" 200 2
[19/Sep/2026 15:56:19] "GET /api/notifications/ HTTP/1.1" 200 2
[19/Sep/2026 15:56:41] "GET /api/notifications/ HTTP/1.1" 200 2
[19/Sep/2026 15:56:45] "GET /api/notifications/ HTTP/1.1" 200 282
[19/Sep/2026 15:57:46] "GET /api/notifications/ HTTP/1.1" 200 282
[19/Sep/2026 15:57:48] "GET /api/notifications/ HTTP/1.1" 200 2
[19/Sep/2026 15:58:45] "GET /api/notifications/ HTTP/1.1" 200 282
[19/Sep/2026 15:58:47] "GET /api/notifications/ HTTP/1.1" 200 282
[19/Sep/2026 15:58:49] "GET /api/standards/ HTTP/1.1" 200 4546
[19/Sep/2026 15:58:49] "GET /api/categories/ HTTP/1.1" 200 2110
[19/Sep/2026 15:58:49] "GET /api/companies/?sort_by=rating HTTP/1.1" 200 117740
[19/Sep/2026 15:58:49] "GET /api/notifications/ HTTP/1.1" 200 2
[19/Sep/2026 15:58:49] "GET /api/notifications/ HTTP/1.1" 200 282
[19/Sep/2026 15:58:51] "GET /api/standards/ HTTP/1.1" 200 4546
[19/Sep/2026 15:58:51] "GET /api/categories/ HTTP/1.1" 200 2110
[19/Sep/2026 15:58:57] "GET /api/review-sources/ HTTP/1.1" 200 299
[19/Sep/2026 15:58:57] "GET /api/notifications/ HTTP/1.1" 200 282
[19/Sep/2026 15:58:58] "GET /api/standards/ HTTP/1.1" 200 4546
[19/Sep/2026 15:58:59] "GET /api/platform-stats/ HTTP/1.1" 200 104
[19/Sep/2026 15:58:59] "GET /api/review-sources/ HTTP/1.1" 200 299
[19/Sep/2026 15:58:59] "GET /api/notifications/ HTTP/1.1" 200 282
[19/Sep/2026 15:59:00] "GET /api/companies/?category=leadership-management HTTP/1.1" 200 93592
[19/Sep/2026 15:59:00] "GET /api/companies/?category=sales-marketing HTTP/1.1" 200 35311
[19/Sep/2026 15:59:00] "GET /api/standards/ HTTP/1.1" 200 4546
[19/Sep/2026 15:59:01] "GET /api/platform-stats/ HTTP/1.1" 200 104
[19/Sep/2026 15:59:02] "GET /api/standards/ HTTP/1.1" 200 4546
[19/Sep/2026 15:59:02] "GET /api/companies/?category=sales-marketing HTTP/1.1" 200 35311
[19/Sep/2026 15:59:02] "GET /api/companies/?category=leadership-management HTTP/1.1" 200 93592
[19/Sep/2026 15:59:04] "GET /api/companies/?category=leadership-management&sort_by=reviews HTTP/1.1" 200 93592
[19/Sep/2026 15:59:04] "GET /api/companies/?category=sales-marketing&sort_by=reviews HTTP/1.1" 200 35311
[19/Sep/2026 15:59:05] "GET /api/standards/ HTTP/1.1" 200 4546
[19/Sep/2026 15:59:07] "GET /api/companies/ HTTP/1.1" 200 117740
[19/Sep/2026 15:59:07] "GET /api/reviews/?sort_by=newest&limit=9 HTTP/1.1" 200 9944
[19/Sep/2026 15:59:09] "GET /api/standards/ HTTP/1.1" 200 4546
[19/Sep/2026 15:59:09] "GET /api/notifications/ HTTP/1.1" 200 282
[19/Sep/2026 15:59:09] "GET /api/companies/ HTTP/1.1" 200 117740
[19/Sep/2026 15:59:09] "GET /api/platform-stats/ HTTP/1.1" 200 104
[19/Sep/2026 15:59:11] "GET /api/standards/ HTTP/1.1" 200 4546
[19/Sep/2026 15:59:11] "GET /api/notifications/ HTTP/1.1" 200 282
[19/Sep/2026 15:59:12] "GET /api/reviews/?sort_by=newest&limit=200 HTTP/1.1" 200 195845
[19/Sep/2026 15:59:13] "GET /api/platform-stats/ HTTP/1.1" 200 104
[19/Sep/2026 15:59:13] "GET /api/companies/ HTTP/1.1" 200 117740
[19/Sep/2026 15:59:19] "GET /api/reviews/?sort_by=newest&limit=200 HTTP/1.1" 200 195845
[19/Sep/2026 15:59:28] "GET /api/notifications/ HTTP/1.1" 200 282
[19/Sep/2026 15:59:47] "GET /api/notifications/ HTTP/1.1" 200 2
[19/Sep/2026 15:59:48] "GET /api/notifications/ HTTP/1.1" 200 282
[19/Sep/2026 16:00:09] "GET /api/notifications/ HTTP/1.1" 200 282
[19/Sep/2026 16:00:28] "GET /api/notifications/ HTTP/1.1" 200 282
[19/Sep/2026 16:00:47] "GET /api/notifications/ HTTP/1.1" 200 2
[19/Sep/2026 16:00:48] "GET /api/notifications/ HTTP/1.1" 200 282
[19/Sep/2026 16:01:08] "GET /api/notifications/ HTTP/1.1" 200 282
[19/Sep/2026 16:01:48] "GET /api/notifications/ HTTP/1.1" 200 2
[19/Sep/2026 16:01:48] "GET /api/notifications/ HTTP/1.1" 200 282
[19/Sep/2026 16:02:47] "GET /api/notifications/ HTTP/1.1" 200 282
[19/Sep/2026 16:02:47] "GET /api/notifications/ HTTP/1.1" 200 2
[19/Sep/2026 16:03:46] "GET /api/notifications/ HTTP/1.1" 200 282
[19/Sep/2026 16:03:47] "GET /api/notifications/ HTTP/1.1" 200 2
[19/Sep/2026 16:03:48] "GET /api/notifications/ HTTP/1.1" 200 282
[19/Sep/2026 16:04:08] "GET /api/notifications/ HTTP/1.1" 200 282
[19/Sep/2026 16:04:28] "GET /api/notifications/ HTTP/1.1" 200 282
[19/Sep/2026 16:04:56] "GET /api/notifications/ HTTP/1.1" 200 2
[19/Sep/2026 16:04:58] "GET /api/notifications/ HTTP/1.1" 200 282
[19/Sep/2026 16:05:47] "GET /api/notifications/ HTTP/1.1" 200 282
[19/Sep/2026 16:05:48] "GET /api/notifications/ HTTP/1.1" 200 2
[19/Sep/2026 16:06:07] "GET /api/notifications/ HTTP/1.1" 200 282
[19/Sep/2026 16:06:13] "GET /api/notifications/ HTTP/1.1" 200 282
[19/Sep/2026 16:06:13] "GET /api/review-sources/ HTTP/1.1" 200 299
[19/Sep/2026 16:06:13] "GET /api/standards/ HTTP/1.1" 200 4546
[19/Sep/2026 16:06:13] "GET /api/companies/?category=sales-marketing HTTP/1.1" 200 35311
[19/Sep/2026 16:06:13] "GET /api/companies/?category=leadership-management HTTP/1.1" 200 93592
[19/Sep/2026 16:06:13] "GET /api/platform-stats/ HTTP/1.1" 200 104
[19/Sep/2026 16:06:14] "GET /api/review-sources/ HTTP/1.1" 200 299
[19/Sep/2026 16:06:14] "GET /api/notifications/ HTTP/1.1" 200 282
[19/Sep/2026 16:06:14] "GET /api/standards/ HTTP/1.1" 200 4546
[19/Sep/2026 16:06:14] "GET /api/companies/?category=sales-marketing HTTP/1.1" 200 35311
[19/Sep/2026 16:06:15] "GET /api/companies/?category=leadership-management HTTP/1.1" 200 93592
[19/Sep/2026 16:06:15] "GET /api/platform-stats/ HTTP/1.1" 200 104
[19/Sep/2026 16:06:16] "GET /api/standards/ HTTP/1.1" 200 4546
[19/Sep/2026 16:06:18] "GET /api/standards/ HTTP/1.1" 200 4546
[19/Sep/2026 16:06:18] "GET /api/companies/?category=sales-marketing&sort_by=reviews HTTP/1.1" 200 35311
[19/Sep/2026 16:06:19] "GET /api/companies/?category=leadership-management&sort_by=reviews HTTP/1.1" 200 93592
[19/Sep/2026 16:06:21] "GET /api/reviews/?sort_by=newest&limit=9 HTTP/1.1" 200 9944
[19/Sep/2026 16:06:23] "GET /api/companies/ HTTP/1.1" 200 117740
[19/Sep/2026 16:06:26] "GET /api/competitors/ HTTP/1.1" 200 206291
[19/Sep/2026 16:06:35] "GET /api/notifications/ HTTP/1.1" 200 282
[19/Sep/2026 16:06:48] "GET /api/notifications/ HTTP/1.1" 200 2
[19/Sep/2026 16:06:55] "GET /api/notifications/ HTTP/1.1" 200 282
[19/Sep/2026 16:07:10] "GET /api/auth/csrf/ HTTP/1.1" 200 108
[19/Sep/2026 16:07:10] "GET /api/auth/csrf/ HTTP/1.1" 200 108
[19/Sep/2026 16:07:10] "GET /api/rating-categories/ HTTP/1.1" 200 1176
[19/Sep/2026 16:07:10] "GET /api/standards/ HTTP/1.1" 200 4546
[19/Sep/2026 16:07:10] "GET /api/review-sources/ HTTP/1.1" 200 299
[19/Sep/2026 16:07:10] "GET /api/standards/ HTTP/1.1" 200 4546
[19/Sep/2026 16:07:10] "GET /api/companies/?category=sales-marketing HTTP/1.1" 200 35311
[19/Sep/2026 16:07:11] "GET /api/companies/?category=leadership-management HTTP/1.1" 200 93592
[19/Sep/2026 16:07:11] "GET /api/platform-stats/ HTTP/1.1" 200 104
[19/Sep/2026 16:07:11] "GET /api/auth/csrf/ HTTP/1.1" 200 108
[19/Sep/2026 16:07:11] "GET /api/auth/me/ HTTP/1.1" 200 147
[19/Sep/2026 16:07:11] "GET /api/companies/ HTTP/1.1" 200 117740
[19/Sep/2026 16:07:11] "GET /api/auth/csrf/ HTTP/1.1" 200 108
[19/Sep/2026 16:07:12] "GET /api/auth/me/ HTTP/1.1" 200 155
[19/Sep/2026 16:07:12] "GET /api/rating-categories/ HTTP/1.1" 200 1176
[19/Sep/2026 16:07:12] "GET /api/standards/ HTTP/1.1" 200 4546
[19/Sep/2026 16:07:12] "GET /api/standards/ HTTP/1.1" 200 4546
[19/Sep/2026 16:07:12] "GET /api/review-sources/ HTTP/1.1" 200 299
[19/Sep/2026 16:07:12] "GET /api/companies/?category=sales-marketing HTTP/1.1" 200 35311
[19/Sep/2026 16:07:12] "GET /api/auth/me/ HTTP/1.1" 200 147
[19/Sep/2026 16:07:13] "GET /api/notifications/ HTTP/1.1" 200 2
[19/Sep/2026 16:07:13] "GET /api/companies/?category=leadership-management HTTP/1.1" 200 93592
[19/Sep/2026 16:07:13] "GET /api/auth/me/ HTTP/1.1" 200 155
[19/Sep/2026 16:07:13] "GET /api/companies/ HTTP/1.1" 200 117740
[19/Sep/2026 16:07:13] "GET /api/notifications/ HTTP/1.1" 200 282
[19/Sep/2026 16:07:14] "GET /api/standards/ HTTP/1.1" 200 4546
[19/Sep/2026 16:07:14] "GET /api/platform-stats/ HTTP/1.1" 200 104
[19/Sep/2026 16:07:14] "GET /api/notifications/ HTTP/1.1" 200 2
[19/Sep/2026 16:07:15] "GET /api/notifications/ HTTP/1.1" 200 282
[19/Sep/2026 16:07:15] "GET /api/standards/ HTTP/1.1" 200 4546
[19/Sep/2026 16:07:15] "GET /api/companies/?category=sales-marketing&sort_by=reviews HTTP/1.1" 200 35311
[19/Sep/2026 16:07:15] "GET /api/companies/?category=leadership-management&sort_by=reviews HTTP/1.1" 200 93592
[19/Sep/2026 16:07:17] "GET /api/companies/ HTTP/1.1" 200 117740
[19/Sep/2026 16:07:18] "GET /api/reviews/?sort_by=newest&limit=9 HTTP/1.1" 200 9944
[19/Sep/2026 16:07:19] "GET /api/competitors/ HTTP/1.1" 200 206291
[19/Sep/2026 16:07:34] "GET /api/notifications/ HTTP/1.1" 200 2
[19/Sep/2026 16:07:35] "GET /api/notifications/ HTTP/1.1" 200 282
[19/Sep/2026 16:07:38] "GET /api/auth/csrf/ HTTP/1.1" 200 108
[19/Sep/2026 16:07:38] "GET /api/auth/csrf/ HTTP/1.1" 200 108
[19/Sep/2026 16:07:38] "GET /api/rating-categories/ HTTP/1.1" 200 1176
[19/Sep/2026 16:07:39] "GET /api/standards/ HTTP/1.1" 200 4546
[19/Sep/2026 16:07:39] "GET /api/companies/ HTTP/1.1" 200 117740
[19/Sep/2026 16:07:39] "GET /api/companies/ HTTP/1.1" 200 117740
[19/Sep/2026 16:07:40] "GET /api/standards/ HTTP/1.1" 200 4546
[19/Sep/2026 16:07:40] "GET /api/rating-categories/ HTTP/1.1" 200 1176
[19/Sep/2026 16:07:40] "GET /api/auth/me/ HTTP/1.1" 200 147
[19/Sep/2026 16:07:41] "GET /api/auth/me/ HTTP/1.1" 200 147
[19/Sep/2026 16:07:48] "GET /api/auth/csrf/ HTTP/1.1" 200 108
[19/Sep/2026 16:07:49] "GET /api/auth/me/ HTTP/1.1" 200 147
[19/Sep/2026 16:07:49] "GET /api/auth/csrf/ HTTP/1.1" 200 108
[19/Sep/2026 16:07:51] "GET /api/auth/me/ HTTP/1.1" 200 147
[19/Sep/2026 16:07:55] "GET /api/auth/csrf/ HTTP/1.1" 200 108
[19/Sep/2026 16:07:55] "GET /api/notifications/ HTTP/1.1" 200 282
[19/Sep/2026 16:07:56] "GET /api/auth/me/ HTTP/1.1" 200 147
[19/Sep/2026 16:07:56] "GET /api/auth/csrf/ HTTP/1.1" 200 108
[19/Sep/2026 16:07:59] "GET /api/auth/csrf/ HTTP/1.1" 200 108
[19/Sep/2026 16:07:59] "GET /api/auth/csrf/ HTTP/1.1" 200 108
[19/Sep/2026 16:08:00] "GET /api/review-sources/ HTTP/1.1" 200 299
[19/Sep/2026 16:08:00] "GET /api/standards/ HTTP/1.1" 200 4546
[19/Sep/2026 16:08:00] "GET /api/companies/?category=sales-marketing HTTP/1.1" 200 35311
[19/Sep/2026 16:08:00] "GET /api/auth/csrf/ HTTP/1.1" 200 108
[19/Sep/2026 16:08:01] "GET /api/auth/csrf/ HTTP/1.1" 200 108
[19/Sep/2026 16:08:01] "GET /api/auth/csrf/ HTTP/1.1" 200 108
[19/Sep/2026 16:08:01] "GET /api/companies/?category=leadership-management HTTP/1.1" 200 93592
[19/Sep/2026 16:08:01] "GET /api/platform-stats/ HTTP/1.1" 200 104
[19/Sep/2026 16:08:01] "GET /api/review-sources/ HTTP/1.1" 200 299
[19/Sep/2026 16:08:01] "GET /api/standards/ HTTP/1.1" 200 4546
[19/Sep/2026 16:08:02] "GET /api/companies/?category=sales-marketing HTTP/1.1" 200 35311
[19/Sep/2026 16:08:02] "GET /api/auth/me/ HTTP/1.1" 200 155
[19/Sep/2026 16:08:02] "GET /api/companies/?category=leadership-management HTTP/1.1" 200 93592
[19/Sep/2026 16:08:02] "GET /api/review-sources/ HTTP/1.1" 200 299
[19/Sep/2026 16:08:02] "GET /api/standards/ HTTP/1.1" 200 4546
[19/Sep/2026 16:08:02] "GET /api/auth/me/ HTTP/1.1" 200 147
[19/Sep/2026 16:08:02] "GET /api/companies/?category=sales-marketing HTTP/1.1" 200 35311
[19/Sep/2026 16:08:03] "GET /api/companies/?category=leadership-management HTTP/1.1" 200 93592
[19/Sep/2026 16:08:03] "GET /api/platform-stats/ HTTP/1.1" 200 104
[19/Sep/2026 16:08:03] "GET /api/platform-stats/ HTTP/1.1" 200 104
[19/Sep/2026 16:08:03] "GET /api/review-sources/ HTTP/1.1" 200 299
[19/Sep/2026 16:08:03] "GET /api/standards/ HTTP/1.1" 200 4546
[19/Sep/2026 16:08:03] "GET /api/auth/me/ HTTP/1.1" 200 155
[19/Sep/2026 16:08:04] "GET /api/notifications/ HTTP/1.1" 200 282
[19/Sep/2026 16:08:04] "GET /api/companies/?category=leadership-management HTTP/1.1" 200 93592
[19/Sep/2026 16:08:04] "GET /api/auth/me/ HTTP/1.1" 200 147
[19/Sep/2026 16:08:04] "GET /api/companies/?category=sales-marketing HTTP/1.1" 200 35311
[19/Sep/2026 16:08:04] "GET /api/standards/ HTTP/1.1" 200 4546
[19/Sep/2026 16:08:05] "GET /api/notifications/ HTTP/1.1" 200 2
[19/Sep/2026 16:08:05] "GET /api/standards/ HTTP/1.1" 200 4546
[19/Sep/2026 16:08:05] "GET /api/notifications/ HTTP/1.1" 200 282
[19/Sep/2026 16:08:06] "GET /api/standards/ HTTP/1.1" 200 4546
[19/Sep/2026 16:08:06] "GET /api/platform-stats/ HTTP/1.1" 200 104
[19/Sep/2026 16:08:06] "GET /api/companies/?category=sales-marketing&sort_by=reviews HTTP/1.1" 200 35311
[19/Sep/2026 16:08:06] "GET /api/companies/?category=leadership-management&sort_by=reviews HTTP/1.1" 200 93592
[19/Sep/2026 16:08:06] "GET /api/notifications/ HTTP/1.1" 200 2
[19/Sep/2026 16:08:07] "GET /api/standards/ HTTP/1.1" 200 4546
[19/Sep/2026 16:08:07] "GET /api/companies/?category=sales-marketing&sort_by=reviews HTTP/1.1" 200 35311
[19/Sep/2026 16:08:07] "GET /api/companies/?category=leadership-management&sort_by=reviews HTTP/1.1" 200 93592
[19/Sep/2026 16:08:08] "GET /api/reviews/?sort_by=newest&limit=9 HTTP/1.1" 200 9944
[19/Sep/2026 16:08:08] "GET /api/companies/ HTTP/1.1" 200 117740
[19/Sep/2026 16:08:09] "GET /api/companies/ HTTP/1.1" 200 117740
[19/Sep/2026 16:08:09] "GET /api/reviews/?sort_by=newest&limit=9 HTTP/1.1" 200 11095
[19/Sep/2026 16:08:10] "GET /api/competitors/ HTTP/1.1" 200 206291
[19/Sep/2026 16:08:11] "GET /api/competitors/ HTTP/1.1" 200 206291
[19/Sep/2026 16:08:25] "GET /api/notifications/ HTTP/1.1" 200 282
[19/Sep/2026 16:08:26] "GET /api/notifications/ HTTP/1.1" 200 2
[19/Sep/2026 16:08:34] "GET /api/auth/csrf/ HTTP/1.1" 200 108
[19/Sep/2026 16:08:34] "GET /api/auth/csrf/ HTTP/1.1" 200 108
[19/Sep/2026 16:08:35] "GET /api/standards/ HTTP/1.1" 200 4546
[19/Sep/2026 16:08:35] "GET /api/review-sources/ HTTP/1.1" 200 299
[19/Sep/2026 16:08:35] "GET /api/companies/?category=sales-marketing HTTP/1.1" 200 35311
[19/Sep/2026 16:08:35] "GET /api/companies/?category=leadership-management HTTP/1.1" 200 93592
[19/Sep/2026 16:08:35] "GET /api/standards/ HTTP/1.1" 200 4546
[19/Sep/2026 16:08:35] "GET /api/review-sources/ HTTP/1.1" 200 299
[19/Sep/2026 16:08:35] "GET /api/platform-stats/ HTTP/1.1" 200 104
[19/Sep/2026 16:08:35] "GET /api/companies/?category=sales-marketing HTTP/1.1" 200 35311
[19/Sep/2026 16:08:36] "GET /api/auth/csrf/ HTTP/1.1" 200 108
[19/Sep/2026 16:08:36] "GET /api/companies/?category=leadership-management HTTP/1.1" 200 93592
[19/Sep/2026 16:08:36] "GET /api/auth/csrf/ HTTP/1.1" 200 108
[19/Sep/2026 16:08:36] "GET /api/platform-stats/ HTTP/1.1" 200 104
[19/Sep/2026 16:08:36] "GET /api/auth/me/ HTTP/1.1" 200 147
[19/Sep/2026 16:08:36] "GET /api/standards/ HTTP/1.1" 200 4546
[19/Sep/2026 16:08:37] "GET /api/review-sources/ HTTP/1.1" 200 299
[19/Sep/2026 16:08:37] "GET /api/auth/me/ HTTP/1.1" 200 155
[19/Sep/2026 16:08:37] "GET /api/standards/ HTTP/1.1" 200 4546
[19/Sep/2026 16:08:37] "GET /api/companies/?category=sales-marketing HTTP/1.1" 200 35311
[19/Sep/2026 16:08:37] "GET /api/review-sources/ HTTP/1.1" 200 299
[19/Sep/2026 16:08:37] "GET /api/companies/?category=leadership-management HTTP/1.1" 200 93592
[19/Sep/2026 16:08:37] "GET /api/companies/?category=sales-marketing HTTP/1.1" 200 35311
[19/Sep/2026 16:08:38] "GET /api/companies/?category=leadership-management HTTP/1.1" 200 93592
[19/Sep/2026 16:08:38] "GET /api/auth/me/ HTTP/1.1" 200 147
[19/Sep/2026 16:08:38] "GET /api/platform-stats/ HTTP/1.1" 200 104
[19/Sep/2026 16:08:38] "GET /api/platform-stats/ HTTP/1.1" 200 104
[19/Sep/2026 16:08:38] "GET /api/notifications/ HTTP/1.1" 200 2
[19/Sep/2026 16:08:38] "GET /api/standards/ HTTP/1.1" 200 4546
[19/Sep/2026 16:08:38] "GET /api/auth/me/ HTTP/1.1" 200 155
[19/Sep/2026 16:08:39] "GET /api/notifications/ HTTP/1.1" 200 282
[19/Sep/2026 16:08:39] "GET /api/standards/ HTTP/1.1" 200 4546
[19/Sep/2026 16:08:40] "GET /api/notifications/ HTTP/1.1" 200 2
[19/Sep/2026 16:08:40] "GET /api/standards/ HTTP/1.1" 200 4546
[19/Sep/2026 16:08:40] "GET /api/companies/?category=sales-marketing&sort_by=reviews HTTP/1.1" 200 35311
[19/Sep/2026 16:08:40] "GET /api/companies/?category=leadership-management&sort_by=reviews HTTP/1.1" 200 93592
[19/Sep/2026 16:08:40] "GET /api/notifications/ HTTP/1.1" 200 282
[19/Sep/2026 16:08:40] "GET /api/standards/ HTTP/1.1" 200 4546
[19/Sep/2026 16:08:40] "GET /api/companies/?category=sales-marketing&sort_by=reviews HTTP/1.1" 200 35311
[19/Sep/2026 16:08:40] "GET /api/companies/?category=leadership-management&sort_by=reviews HTTP/1.1" 200 93592
[19/Sep/2026 16:08:42] "GET /api/companies/ HTTP/1.1" 200 117740
[19/Sep/2026 16:08:42] "GET /api/reviews/?sort_by=newest&limit=9 HTTP/1.1" 200 11095
[19/Sep/2026 16:08:42] "GET /api/companies/ HTTP/1.1" 200 117740
[19/Sep/2026 16:08:42] "GET /api/reviews/?sort_by=newest&limit=9 HTTP/1.1" 200 9944
[19/Sep/2026 16:08:43] "GET /api/competitors/ HTTP/1.1" 200 206291
[19/Sep/2026 16:08:44] "GET /api/competitors/ HTTP/1.1" 200 206291
[19/Sep/2026 16:08:59] "GET /api/notifications/ HTTP/1.1" 200 2
[19/Sep/2026 16:09:00] "GET /api/notifications/ HTTP/1.1" 200 282
[19/Sep/2026 16:09:20] "GET /api/auth/csrf/ HTTP/1.1" 200 108
[19/Sep/2026 16:09:20] "GET /api/auth/csrf/ HTTP/1.1" 200 108
[19/Sep/2026 16:09:21] "GET /api/review-sources/ HTTP/1.1" 200 299
[19/Sep/2026 16:09:21] "GET /api/standards/ HTTP/1.1" 200 4546
[19/Sep/2026 16:09:21] "GET /api/companies/?category=sales-marketing HTTP/1.1" 200 35311
[19/Sep/2026 16:09:21] "GET /api/companies/?category=leadership-management HTTP/1.1" 200 93592
[19/Sep/2026 16:09:21] "GET /api/platform-stats/ HTTP/1.1" 200 104
[19/Sep/2026 16:09:21] "GET /api/standards/ HTTP/1.1" 200 4546
[19/Sep/2026 16:09:21] "GET /api/review-sources/ HTTP/1.1" 200 299
[19/Sep/2026 16:09:21] "GET /api/companies/?category=sales-marketing HTTP/1.1" 200 35311
[19/Sep/2026 16:09:22] "GET /api/auth/csrf/ HTTP/1.1" 200 108
[19/Sep/2026 16:09:22] "GET /api/companies/?category=leadership-management HTTP/1.1" 200 93592
[19/Sep/2026 16:09:22] "GET /api/auth/csrf/ HTTP/1.1" 200 108
[19/Sep/2026 16:09:22] "GET /api/platform-stats/ HTTP/1.1" 200 104
[19/Sep/2026 16:09:22] "GET /api/auth/me/ HTTP/1.1" 200 147
[19/Sep/2026 16:09:23] "GET /api/review-sources/ HTTP/1.1" 200 299
[19/Sep/2026 16:09:23] "GET /api/standards/ HTTP/1.1" 200 4546
[19/Sep/2026 16:09:23] "GET /api/auth/me/ HTTP/1.1" 200 155
[19/Sep/2026 16:09:23] "GET /api/companies/?category=sales-marketing HTTP/1.1" 200 35311
[19/Sep/2026 16:09:23] "GET /api/standards/ HTTP/1.1" 200 4546
[19/Sep/2026 16:09:23] "GET /api/companies/?category=leadership-management HTTP/1.1" 200 93592
[19/Sep/2026 16:09:23] "GET /api/review-sources/ HTTP/1.1" 200 299
[19/Sep/2026 16:09:24] "GET /api/companies/?category=sales-marketing HTTP/1.1" 200 35311
[19/Sep/2026 16:09:24] "GET /api/auth/me/ HTTP/1.1" 200 147
[19/Sep/2026 16:09:24] "GET /api/platform-stats/ HTTP/1.1" 200 104
[19/Sep/2026 16:09:24] "GET /api/companies/?category=leadership-management HTTP/1.1" 200 93592
[19/Sep/2026 16:09:24] "GET /api/platform-stats/ HTTP/1.1" 200 104
[19/Sep/2026 16:09:24] "GET /api/standards/ HTTP/1.1" 200 4546
[19/Sep/2026 16:09:25] "GET /api/auth/me/ HTTP/1.1" 200 155
[19/Sep/2026 16:09:25] "GET /api/notifications/ HTTP/1.1" 200 2
[19/Sep/2026 16:09:25] "GET /api/notifications/ HTTP/1.1" 200 282
[19/Sep/2026 16:09:25] "GET /api/standards/ HTTP/1.1" 200 4546
[19/Sep/2026 16:09:27] "GET /api/notifications/ HTTP/1.1" 200 2
[19/Sep/2026 16:09:28] "GET /api/companies/?category=sales-marketing&sort_by=reviews HTTP/1.1" 200 35311
[19/Sep/2026 16:09:29] "GET /api/notifications/ HTTP/1.1" 200 282
[19/Sep/2026 16:09:29] "GET /api/companies/?category=leadership-management&sort_by=reviews HTTP/1.1" 200 93592
[19/Sep/2026 16:09:29] "GET /api/companies/?category=sales-marketing&sort_by=reviews HTTP/1.1" 200 35311
[19/Sep/2026 16:09:29] "GET /api/standards/ HTTP/1.1" 200 4546
[19/Sep/2026 16:09:30] "GET /api/standards/ HTTP/1.1" 200 4546
[19/Sep/2026 16:09:31] "GET /api/companies/ HTTP/1.1" 200 117740
[19/Sep/2026 16:09:32] "GET /api/companies/?category=leadership-management&sort_by=reviews HTTP/1.1" 200 93592
[19/Sep/2026 16:09:32] "GET /api/reviews/?sort_by=newest&limit=9 HTTP/1.1" 200 9944
[19/Sep/2026 16:09:33] "GET /api/competitors/ HTTP/1.1" 200 206291
[19/Sep/2026 16:09:34] "GET /api/reviews/?sort_by=newest&limit=9 HTTP/1.1" 200 11095
[19/Sep/2026 16:09:36] "GET /api/auth/csrf/ HTTP/1.1" 200 108
[19/Sep/2026 16:09:36] "GET /api/auth/csrf/ HTTP/1.1" 200 108
[19/Sep/2026 16:09:38] "GET /api/auth/me/ HTTP/1.1" 200 147
[19/Sep/2026 16:09:40] "GET /api/auth/me/ HTTP/1.1" 200 147
[19/Sep/2026 16:09:41] "GET /api/auth/csrf/ HTTP/1.1" 200 108
[19/Sep/2026 16:09:41] "GET /api/auth/csrf/ HTTP/1.1" 200 108
[19/Sep/2026 16:09:42] "GET /api/standards/ HTTP/1.1" 200 4546
[19/Sep/2026 16:09:42] "GET /api/review-sources/ HTTP/1.1" 200 299
[19/Sep/2026 16:09:42] "GET /api/companies/?category=sales-marketing HTTP/1.1" 200 35311
[19/Sep/2026 16:09:42] "GET /api/standards/ HTTP/1.1" 200 4546
[19/Sep/2026 16:09:42] "GET /api/review-sources/ HTTP/1.1" 200 299
[19/Sep/2026 16:09:42] "GET /api/platform-stats/ HTTP/1.1" 200 104
[19/Sep/2026 16:09:43] "GET /api/platform-stats/ HTTP/1.1" 200 104
[19/Sep/2026 16:09:43] "GET /api/companies/?category=leadership-management HTTP/1.1" 200 93592
[19/Sep/2026 16:09:43] "GET /api/companies/?category=sales-marketing HTTP/1.1" 200 35311
[19/Sep/2026 16:09:43] "GET /api/auth/csrf/ HTTP/1.1" 200 108
[19/Sep/2026 16:09:43] "GET /api/auth/csrf/ HTTP/1.1" 200 108
[19/Sep/2026 16:09:43] "GET /api/auth/me/ HTTP/1.1" 200 147
[19/Sep/2026 16:09:44] "GET /api/review-sources/ HTTP/1.1" 200 299
[19/Sep/2026 16:09:44] "GET /api/standards/ HTTP/1.1" 200 4546
[19/Sep/2026 16:09:45] "GET /api/auth/me/ HTTP/1.1" 200 155
[19/Sep/2026 16:09:45] "GET /api/companies/?category=leadership-management HTTP/1.1" 200 93592
[19/Sep/2026 16:09:45] "GET /api/auth/me/ HTTP/1.1" 200 147
[19/Sep/2026 16:09:45] "GET /api/platform-stats/ HTTP/1.1" 200 104
[19/Sep/2026 16:09:45] "GET /api/review-sources/ HTTP/1.1" 200 299
[19/Sep/2026 16:09:45] "GET /api/platform-stats/ HTTP/1.1" 200 104
[19/Sep/2026 16:09:45] "GET /api/companies/?category=sales-marketing HTTP/1.1" 200 35311
[19/Sep/2026 16:09:45] "GET /api/companies/?category=leadership-management HTTP/1.1" 200 93592
[19/Sep/2026 16:09:45] "GET /api/notifications/ HTTP/1.1" 200 2
[19/Sep/2026 16:09:45] "GET /api/companies/?category=sales-marketing HTTP/1.1" 200 35311
[19/Sep/2026 16:09:45] "GET /api/standards/ HTTP/1.1" 200 4546
[19/Sep/2026 16:09:46] "GET /api/auth/me/ HTTP/1.1" 200 155
[19/Sep/2026 16:09:46] "GET /api/standards/ HTTP/1.1" 200 4546
[19/Sep/2026 16:09:46] "GET /api/companies/?category=leadership-management HTTP/1.1" 200 93592
[19/Sep/2026 16:09:47] "GET /api/notifications/ HTTP/1.1" 200 282
[19/Sep/2026 16:09:47] "GET /api/notifications/ HTTP/1.1" 200 2
[19/Sep/2026 16:09:48] "GET /api/standards/ HTTP/1.1" 200 4546
[19/Sep/2026 16:09:48] "GET /api/standards/ HTTP/1.1" 200 4546
[19/Sep/2026 16:09:48] "GET /api/companies/?category=sales-marketing&sort_by=reviews HTTP/1.1" 200 35311
[19/Sep/2026 16:09:48] "GET /api/companies/?category=leadership-management&sort_by=reviews HTTP/1.1" 200 93592
[19/Sep/2026 16:09:48] "GET /api/notifications/ HTTP/1.1" 200 282
[19/Sep/2026 16:09:49] "GET /api/companies/?category=sales-marketing&sort_by=reviews HTTP/1.1" 200 35311
[19/Sep/2026 16:09:50] "GET /api/standards/ HTTP/1.1" 200 4546
[19/Sep/2026 16:09:50] "GET /api/reviews/?sort_by=newest&limit=9 HTTP/1.1" 200 9944
[19/Sep/2026 16:09:51] "GET /api/companies/?category=leadership-management&sort_by=reviews HTTP/1.1" 200 93592
[19/Sep/2026 16:09:52] "GET /api/companies/ HTTP/1.1" 200 117740
[19/Sep/2026 16:09:53] "GET /api/companies/ HTTP/1.1" 200 117740
[19/Sep/2026 16:09:53] "GET /api/reviews/?sort_by=newest&limit=9 HTTP/1.1" 200 11095
[19/Sep/2026 16:09:54] "GET /api/competitors/ HTTP/1.1" 200 206291
[19/Sep/2026 16:09:54] "GET /api/competitors/ HTTP/1.1" 200 206291
[19/Sep/2026 16:10:06] "GET /api/notifications/ HTTP/1.1" 200 2
[19/Sep/2026 16:10:08] "GET /api/notifications/ HTTP/1.1" 200 282
[19/Sep/2026 16:10:27] "GET /api/auth/csrf/ HTTP/1.1" 200 108
[19/Sep/2026 16:10:27] "GET /api/review-sources/ HTTP/1.1" 200 299
[19/Sep/2026 16:10:27] "GET /api/auth/csrf/ HTTP/1.1" 200 108
[19/Sep/2026 16:10:28] "GET /api/standards/ HTTP/1.1" 200 4546
[19/Sep/2026 16:10:28] "GET /api/platform-stats/ HTTP/1.1" 200 104
[19/Sep/2026 16:10:29] "GET /api/auth/csrf/ HTTP/1.1" 200 108
[19/Sep/2026 16:10:29] "GET /api/review-sources/ HTTP/1.1" 200 299
[19/Sep/2026 16:10:30] "GET /api/companies/?category=sales-marketing HTTP/1.1" 200 35311
[19/Sep/2026 16:10:30] "GET /api/platform-stats/ HTTP/1.1" 200 104
[19/Sep/2026 16:10:30] "GET /api/review-sources/ HTTP/1.1" 200 299
[19/Sep/2026 16:10:31] "GET /api/standards/ HTTP/1.1" 200 4546
[19/Sep/2026 16:10:31] "GET /api/auth/me/ HTTP/1.1" 200 147
[19/Sep/2026 16:10:32] "GET /api/companies/?category=sales-marketing HTTP/1.1" 200 35311
[19/Sep/2026 16:10:32] "GET /api/auth/csrf/ HTTP/1.1" 200 108
[19/Sep/2026 16:10:32] "GET /api/platform-stats/ HTTP/1.1" 200 104
[19/Sep/2026 16:10:33] "GET /api/auth/me/ HTTP/1.1" 200 155
[19/Sep/2026 16:10:33] "GET /api/notifications/ HTTP/1.1" 200 2
[19/Sep/2026 16:10:33] "GET /api/review-sources/ HTTP/1.1" 200 299
[19/Sep/2026 16:10:34] "GET /api/auth/me/ HTTP/1.1" 200 147
[19/Sep/2026 16:10:34] "GET /api/standards/ HTTP/1.1" 200 4546
[19/Sep/2026 16:10:34] "GET /api/platform-stats/ HTTP/1.1" 200 104
[19/Sep/2026 16:10:34] "GET /api/companies/?category=leadership-management HTTP/1.1" 200 93592
[19/Sep/2026 16:10:34] "GET /api/companies/?category=leadership-management HTTP/1.1" 200 93592
[19/Sep/2026 16:10:35] "GET /api/auth/me/ HTTP/1.1" 200 155
[19/Sep/2026 16:10:36] "GET /api/notifications/ HTTP/1.1" 200 282
[19/Sep/2026 16:10:36] "GET /api/companies/?category=sales-marketing HTTP/1.1" 200 35311
[19/Sep/2026 16:10:36] "GET /api/standards/ HTTP/1.1" 200 4546
[19/Sep/2026 16:10:36] "GET /api/standards/ HTTP/1.1" 200 4546
[19/Sep/2026 16:10:36] "GET /api/notifications/ HTTP/1.1" 200 2
[19/Sep/2026 16:10:37] "GET /api/companies/?category=sales-marketing HTTP/1.1" 200 35311
[19/Sep/2026 16:10:37] "GET /api/notifications/ HTTP/1.1" 200 282
[19/Sep/2026 16:10:37] "GET /api/companies/?category=leadership-management HTTP/1.1" 200 93592
[19/Sep/2026 16:10:38] "GET /api/companies/?category=sales-marketing&sort_by=reviews HTTP/1.1" 200 35311
[19/Sep/2026 16:10:39] "GET /api/standards/ HTTP/1.1" 200 4546
[19/Sep/2026 16:10:39] "GET /api/standards/ HTTP/1.1" 200 4546
[19/Sep/2026 16:10:41] "GET /api/companies/?category=leadership-management HTTP/1.1" 200 93592
[19/Sep/2026 16:10:42] "GET /api/companies/?category=leadership-management&sort_by=reviews HTTP/1.1" 200 93592
[19/Sep/2026 16:10:43] "GET /api/companies/?category=sales-marketing&sort_by=reviews HTTP/1.1" 200 35311
[19/Sep/2026 16:10:43] "GET /api/standards/ HTTP/1.1" 200 4546
[19/Sep/2026 16:10:44] "GET /api/companies/?category=leadership-management&sort_by=reviews HTTP/1.1" 200 93592
[19/Sep/2026 16:10:45] "GET /api/reviews/?sort_by=newest&limit=9 HTTP/1.1" 200 9944
[19/Sep/2026 16:10:48] "GET /api/reviews/?sort_by=newest&limit=9 HTTP/1.1" 200 11095
[19/Sep/2026 16:10:50] "GET /api/companies/ HTTP/1.1" 200 117740
[19/Sep/2026 16:10:52] "GET /api/companies/ HTTP/1.1" 200 117740
[19/Sep/2026 16:10:55] "GET /api/competitors/ HTTP/1.1" 200 206291
[19/Sep/2026 16:10:56] "GET /api/notifications/ HTTP/1.1" 200 2
[19/Sep/2026 16:10:57] "GET /api/competitors/ HTTP/1.1" 200 206291
[19/Sep/2026 16:10:58] "GET /api/notifications/ HTTP/1.1" 200 282
[19/Sep/2026 16:11:02] "GET /api/auth/csrf/ HTTP/1.1" 200 108
[19/Sep/2026 16:11:02] "GET /api/auth/csrf/ HTTP/1.1" 200 108
[19/Sep/2026 16:11:03] "GET /api/companies/?category=sales-marketing HTTP/1.1" 200 35311
[19/Sep/2026 16:11:03] "GET /api/companies/?category=sales-marketing HTTP/1.1" 200 35311
[19/Sep/2026 16:11:04] "GET /api/review-sources/ HTTP/1.1" 200 299
[19/Sep/2026 16:11:04] "GET /api/platform-stats/ HTTP/1.1" 200 104
[19/Sep/2026 16:11:04] "GET /api/auth/csrf/ HTTP/1.1" 200 108
[19/Sep/2026 16:11:04] "GET /api/review-sources/ HTTP/1.1" 200 299
[19/Sep/2026 16:11:05] "GET /api/standards/ HTTP/1.1" 200 4546
[19/Sep/2026 16:11:05] "GET /api/platform-stats/ HTTP/1.1" 200 104
[19/Sep/2026 16:11:05] "GET /api/auth/me/ HTTP/1.1" 200 155
[19/Sep/2026 16:11:05] "GET /api/standards/ HTTP/1.1" 200 4546
[19/Sep/2026 16:11:05] "GET /api/auth/me/ HTTP/1.1" 200 147
[19/Sep/2026 16:11:06] "GET /api/platform-stats/ HTTP/1.1" 200 104
[19/Sep/2026 16:11:07] "GET /api/review-sources/ HTTP/1.1" 200 299
[19/Sep/2026 16:11:07] "GET /api/auth/csrf/ HTTP/1.1" 200 108
[19/Sep/2026 16:11:07] "GET /api/companies/?category=leadership-management HTTP/1.1" 200 93592
[19/Sep/2026 16:11:07] "GET /api/auth/me/ HTTP/1.1" 200 147
[19/Sep/2026 16:11:08] "GET /api/companies/?category=sales-marketing HTTP/1.1" 200 35311
[19/Sep/2026 16:11:08] "GET /api/standards/ HTTP/1.1" 200 4546
[19/Sep/2026 16:11:09] "GET /api/standards/ HTTP/1.1" 200 4546
[19/Sep/2026 16:11:10] "GET /api/companies/?category=sales-marketing HTTP/1.1" 200 35311
[19/Sep/2026 16:11:10] "GET /api/review-sources/ HTTP/1.1" 200 299
[19/Sep/2026 16:11:10] "GET /api/notifications/ HTTP/1.1" 200 282
[19/Sep/2026 16:11:11] "GET /api/auth/me/ HTTP/1.1" 200 155
[19/Sep/2026 16:11:11] "GET /api/platform-stats/ HTTP/1.1" 200 104
[19/Sep/2026 16:11:12] "GET /api/companies/?category=leadership-management HTTP/1.1" 200 93592
[19/Sep/2026 16:11:13] "GET /api/standards/ HTTP/1.1" 200 4546
[19/Sep/2026 16:11:14] "GET /api/notifications/ HTTP/1.1" 200 282
[19/Sep/2026 16:11:14] "GET /api/notifications/ HTTP/1.1" 200 2
[19/Sep/2026 16:11:15] "GET /api/standards/ HTTP/1.1" 200 4546
[19/Sep/2026 16:11:16] "GET /api/standards/ HTTP/1.1" 200 4546
[19/Sep/2026 16:11:17] "GET /api/notifications/ HTTP/1.1" 200 2
[19/Sep/2026 16:11:17] "GET /api/companies/?category=sales-marketing&sort_by=reviews HTTP/1.1" 200 35311
[19/Sep/2026 16:11:18] "GET /api/standards/ HTTP/1.1" 200 4546
[19/Sep/2026 16:11:18] "GET /api/companies/?category=leadership-management HTTP/1.1" 200 93592
[19/Sep/2026 16:11:19] "GET /api/companies/?category=leadership-management HTTP/1.1" 200 93592
[19/Sep/2026 16:11:20] "GET /api/companies/?category=leadership-management&sort_by=reviews HTTP/1.1" 200 93592
[19/Sep/2026 16:11:20] "GET /api/companies/?category=leadership-management&sort_by=reviews HTTP/1.1" 200 93592
[19/Sep/2026 16:11:21] "GET /api/companies/?category=sales-marketing&sort_by=reviews HTTP/1.1" 200 35311
[19/Sep/2026 16:11:23] "GET /api/reviews/?sort_by=newest&limit=9 HTTP/1.1" 200 11095
[19/Sep/2026 16:11:23] "GET /api/companies/ HTTP/1.1" 200 117740
[19/Sep/2026 16:11:24] "GET /api/reviews/?sort_by=newest&limit=9 HTTP/1.1" 200 9944
[19/Sep/2026 16:11:26] "GET /api/companies/ HTTP/1.1" 200 117740
[19/Sep/2026 16:11:27] "GET /api/competitors/ HTTP/1.1" 200 206291
[19/Sep/2026 16:11:28] "GET /api/competitors/ HTTP/1.1" 200 206291
[19/Sep/2026 16:11:29] "GET /api/notifications/ HTTP/1.1" 200 2
[19/Sep/2026 16:11:34] "GET /api/notifications/ HTTP/1.1" 200 282
[19/Sep/2026 16:11:50] "GET /api/notifications/ HTTP/1.1" 200 2
[19/Sep/2026 16:11:54] "GET /api/notifications/ HTTP/1.1" 200 282
[19/Sep/2026 16:12:09] "GET /api/notifications/ HTTP/1.1" 200 2
[19/Sep/2026 16:12:13] "GET /api/notifications/ HTTP/1.1" 200 282
[19/Sep/2026 16:12:30] "GET /api/notifications/ HTTP/1.1" 200 2
[19/Sep/2026 16:12:33] "GET /api/notifications/ HTTP/1.1" 200 282
[19/Sep/2026 16:12:49] "GET /api/notifications/ HTTP/1.1" 200 2
[19/Sep/2026 16:12:53] "GET /api/notifications/ HTTP/1.1" 200 282
[19/Sep/2026 16:13:09] "GET /api/notifications/ HTTP/1.1" 200 2
[19/Sep/2026 16:13:13] "GET /api/notifications/ HTTP/1.1" 200 282
[19/Sep/2026 16:13:29] "GET /api/notifications/ HTTP/1.1" 200 2
[19/Sep/2026 16:13:34] "GET /api/notifications/ HTTP/1.1" 200 282
[19/Sep/2026 16:24:18] "GET /api/auth/csrf/ HTTP/1.1" 200 108
[19/Sep/2026 16:24:18] "GET /api/auth/csrf/ HTTP/1.1" 200 108
[19/Sep/2026 16:24:19] "GET /api/review-sources/ HTTP/1.1" 200 299
[19/Sep/2026 16:24:19] "GET /api/standards/ HTTP/1.1" 200 4546
[19/Sep/2026 16:24:19] "GET /api/companies/?category=sales-marketing HTTP/1.1" 200 35311
[19/Sep/2026 16:24:19] "GET /api/companies/?category=leadership-management HTTP/1.1" 200 93592
[19/Sep/2026 16:24:20] "GET /api/auth/me/ HTTP/1.1" 200 147
[19/Sep/2026 16:24:20] "GET /api/platform-stats/ HTTP/1.1" 200 104
[19/Sep/2026 16:24:21] "GET /api/standards/ HTTP/1.1" 200 4546
[19/Sep/2026 16:24:21] "GET /api/review-sources/ HTTP/1.1" 200 299
[19/Sep/2026 16:24:21] "GET /api/companies/?category=sales-marketing HTTP/1.1" 200 35311
[19/Sep/2026 16:24:21] "GET /api/auth/me/ HTTP/1.1" 200 147
[19/Sep/2026 16:24:21] "GET /api/companies/?category=leadership-management HTTP/1.1" 200 93592
[19/Sep/2026 16:24:22] "GET /api/notifications/ HTTP/1.1" 200 2
[19/Sep/2026 16:24:22] "GET /api/standards/ HTTP/1.1" 200 4546
[19/Sep/2026 16:24:23] "GET /api/platform-stats/ HTTP/1.1" 200 104
[19/Sep/2026 16:24:23] "GET /api/notifications/ HTTP/1.1" 200 2
[19/Sep/2026 16:24:24] "GET /api/standards/ HTTP/1.1" 200 4546
[19/Sep/2026 16:24:24] "GET /api/companies/?category=sales-marketing&sort_by=reviews HTTP/1.1" 200 35311
[19/Sep/2026 16:24:24] "GET /api/companies/?category=leadership-management&sort_by=reviews HTTP/1.1" 200 93592
[19/Sep/2026 16:24:26] "GET /api/companies/ HTTP/1.1" 200 117740
[19/Sep/2026 16:24:26] "GET /api/reviews/?sort_by=newest&limit=9 HTTP/1.1" 200 11095
[19/Sep/2026 16:24:28] "GET /api/competitors/ HTTP/1.1" 200 206291
[19/Sep/2026 16:24:45] "GET /api/notifications/ HTTP/1.1" 200 2
[19/Sep/2026 16:25:04] "GET /api/notifications/ HTTP/1.1" 200 2
[19/Sep/2026 16:25:24] "GET /api/notifications/ HTTP/1.1" 200 2
[19/Sep/2026 16:25:44] "GET /api/notifications/ HTTP/1.1" 200 2
[19/Sep/2026 16:26:04] "GET /api/notifications/ HTTP/1.1" 200 2
[19/Sep/2026 16:26:23] "GET /api/notifications/ HTTP/1.1" 200 2
[19/Sep/2026 16:26:33] "GET /api/auth/csrf/ HTTP/1.1" 200 108
[19/Sep/2026 16:26:34] "GET /api/standards/ HTTP/1.1" 200 4546
[19/Sep/2026 16:26:34] "GET /api/review-sources/ HTTP/1.1" 200 299
[19/Sep/2026 16:26:34] "GET /api/companies/?category=sales-marketing HTTP/1.1" 200 35311
[19/Sep/2026 16:26:34] "GET /api/companies/?category=leadership-management HTTP/1.1" 200 93592
[19/Sep/2026 16:26:35] "GET /api/platform-stats/ HTTP/1.1" 200 104
[19/Sep/2026 16:26:36] "GET /api/auth/csrf/ HTTP/1.1" 200 108
[19/Sep/2026 16:26:37] "GET /api/auth/me/ HTTP/1.1" 200 147
[19/Sep/2026 16:26:37] "GET /api/standards/ HTTP/1.1" 200 4546
[19/Sep/2026 16:26:37] "GET /api/review-sources/ HTTP/1.1" 200 299
[19/Sep/2026 16:26:37] "GET /api/companies/?category=sales-marketing HTTP/1.1" 200 35311
[19/Sep/2026 16:26:38] "GET /api/companies/?category=leadership-management HTTP/1.1" 200 93592
[19/Sep/2026 16:26:38] "GET /api/auth/me/ HTTP/1.1" 200 147
[19/Sep/2026 16:26:38] "GET /api/platform-stats/ HTTP/1.1" 200 104
[19/Sep/2026 16:26:38] "GET /api/notifications/ HTTP/1.1" 200 2
[19/Sep/2026 16:26:39] "GET /api/standards/ HTTP/1.1" 200 4546
[19/Sep/2026 16:26:40] "GET /api/notifications/ HTTP/1.1" 200 2
[19/Sep/2026 16:26:40] "GET /api/standards/ HTTP/1.1" 200 4546
[19/Sep/2026 16:26:40] "GET /api/companies/?category=sales-marketing&sort_by=reviews HTTP/1.1" 200 35311
[19/Sep/2026 16:26:40] "GET /api/companies/?category=leadership-management&sort_by=reviews HTTP/1.1" 200 93592
[19/Sep/2026 16:26:42] "GET /api/companies/ HTTP/1.1" 200 117740
[19/Sep/2026 16:26:43] "GET /api/reviews/?sort_by=newest&limit=9 HTTP/1.1" 200 11095
[19/Sep/2026 16:26:44] "GET /api/competitors/ HTTP/1.1" 200 206291
[19/Sep/2026 16:27:00] "GET /api/notifications/ HTTP/1.1" 200 2
[19/Sep/2026 16:27:20] "GET /api/notifications/ HTTP/1.1" 200 2
[19/Sep/2026 16:27:40] "GET /api/notifications/ HTTP/1.1" 200 2
[19/Sep/2026 16:28:00] "GET /api/notifications/ HTTP/1.1" 200 2
[19/Sep/2026 16:28:20] "GET /api/notifications/ HTTP/1.1" 200 2
[19/Sep/2026 16:28:40] "GET /api/notifications/ HTTP/1.1" 200 2
[19/Sep/2026 16:29:01] "GET /api/auth/csrf/ HTTP/1.1" 200 108
[19/Sep/2026 16:29:03] "GET /api/auth/csrf/ HTTP/1.1" 200 108
[19/Sep/2026 16:29:03] "GET /api/standards/ HTTP/1.1" 200 4546
[19/Sep/2026 16:29:03] "GET /api/companies/?category=sales-marketing HTTP/1.1" 200 35311
[19/Sep/2026 16:29:04] "GET /api/standards/ HTTP/1.1" 200 4546
[19/Sep/2026 16:29:04] "GET /api/review-sources/ HTTP/1.1" 200 299
[19/Sep/2026 16:29:05] "GET /api/companies/?category=leadership-management HTTP/1.1" 200 93592
[19/Sep/2026 16:29:05] "GET /api/standards/ HTTP/1.1" 200 4546
[19/Sep/2026 16:29:06] "GET /api/platform-stats/ HTTP/1.1" 200 104
[19/Sep/2026 16:29:06] "GET /api/standards/ HTTP/1.1" 200 4546
[19/Sep/2026 16:29:07] "GET /api/companies/?category=sales-marketing HTTP/1.1" 200 35311
[19/Sep/2026 16:29:07] "GET /api/auth/me/ HTTP/1.1" 200 147
[19/Sep/2026 16:29:07] "GET /api/review-sources/ HTTP/1.1" 200 299
[19/Sep/2026 16:29:07] "GET /api/platform-stats/ HTTP/1.1" 200 104
[19/Sep/2026 16:29:08] "GET /api/auth/me/ HTTP/1.1" 200 147
[19/Sep/2026 16:29:08] "GET /api/companies/?category=leadership-management HTTP/1.1" 200 93592
[19/Sep/2026 16:29:09] "GET /api/notifications/ HTTP/1.1" 200 2
[19/Sep/2026 16:29:09] "GET /api/companies/?category=sales-marketing&sort_by=reviews HTTP/1.1" 200 35311
[19/Sep/2026 16:29:10] "GET /api/companies/?category=leadership-management&sort_by=reviews HTTP/1.1" 200 93592
[19/Sep/2026 16:29:11] "GET /api/notifications/ HTTP/1.1" 200 2
[19/Sep/2026 16:29:12] "GET /api/companies/ HTTP/1.1" 200 117740
[19/Sep/2026 16:29:12] "GET /api/reviews/?sort_by=newest&limit=9 HTTP/1.1" 200 11095
[19/Sep/2026 16:29:14] "GET /api/competitors/ HTTP/1.1" 200 206291
[19/Sep/2026 16:29:29] "GET /api/auth/csrf/ HTTP/1.1" 200 108
[19/Sep/2026 16:29:29] "GET /api/auth/csrf/ HTTP/1.1" 200 108
[19/Sep/2026 16:29:29] "GET /api/auth/me/ HTTP/1.1" 200 13
[19/Sep/2026 16:29:29] "GET /api/auth/me/ HTTP/1.1" 200 13
[19/Sep/2026 16:29:31] "GET /api/standards/ HTTP/1.1" 200 4546
[19/Sep/2026 16:29:31] "GET /api/notifications/ HTTP/1.1" 200 2
[19/Sep/2026 16:29:31] "GET /api/review-sources/ HTTP/1.1" 200 299
[19/Sep/2026 16:29:32] "GET /api/platform-stats/ HTTP/1.1" 200 104
[19/Sep/2026 16:29:32] "GET /api/standards/ HTTP/1.1" 200 4546
[19/Sep/2026 16:29:32] "GET /api/review-sources/ HTTP/1.1" 200 299
[19/Sep/2026 16:29:34] "GET /api/standards/ HTTP/1.1" 200 4546
[19/Sep/2026 16:29:34] "GET /api/platform-stats/ HTTP/1.1" 200 104
[19/Sep/2026 16:29:34] "GET /api/companies/?category=sales-marketing HTTP/1.1" 200 35311
[19/Sep/2026 16:29:35] "GET /api/standards/ HTTP/1.1" 200 4546
[19/Sep/2026 16:29:36] "GET /api/companies/?category=leadership-management HTTP/1.1" 200 93592
[19/Sep/2026 16:29:36] "GET /api/companies/?category=sales-marketing HTTP/1.1" 200 35311
[19/Sep/2026 16:29:37] "GET /api/companies/?category=sales-marketing&sort_by=reviews HTTP/1.1" 200 35311
[19/Sep/2026 16:29:37] "GET /api/companies/?category=leadership-management&sort_by=reviews HTTP/1.1" 200 93592
[19/Sep/2026 16:29:37] "GET /api/companies/?category=leadership-management HTTP/1.1" 200 93592
[19/Sep/2026 16:29:39] "GET /api/companies/ HTTP/1.1" 200 117740
[19/Sep/2026 16:29:39] "GET /api/reviews/?sort_by=newest&limit=9 HTTP/1.1" 200 11215
[19/Sep/2026 16:29:39] "GET /api/competitors/ HTTP/1.1" 200 206291
[19/Sep/2026 16:29:50] "GET /api/notifications/ HTTP/1.1" 200 2
[19/Sep/2026 16:30:05] "GET /api/auth/csrf/ HTTP/1.1" 200 108
[19/Sep/2026 16:30:05] "GET /api/auth/csrf/ HTTP/1.1" 200 108
[19/Sep/2026 16:30:06] "GET /api/standards/ HTTP/1.1" 200 4546
[19/Sep/2026 16:30:06] "GET /api/standards/ HTTP/1.1" 200 4546
[19/Sep/2026 16:30:06] "GET /api/companies/?category=leadership-management HTTP/1.1" 200 93592
[19/Sep/2026 16:30:06] "GET /api/companies/?category=sales-marketing HTTP/1.1" 200 35311
[19/Sep/2026 16:30:06] "GET /api/review-sources/ HTTP/1.1" 200 299
[19/Sep/2026 16:30:07] "GET /api/standards/ HTTP/1.1" 200 4546
[19/Sep/2026 16:30:07] "GET /api/platform-stats/ HTTP/1.1" 200 104
[19/Sep/2026 16:30:07] "GET /api/companies/?category=sales-marketing HTTP/1.1" 200 35311
[19/Sep/2026 16:30:08] "GET /api/companies/?category=leadership-management HTTP/1.1" 200 93592
[19/Sep/2026 16:30:08] "GET /api/standards/ HTTP/1.1" 200 4546
[19/Sep/2026 16:30:08] "GET /api/review-sources/ HTTP/1.1" 200 299
[19/Sep/2026 16:30:08] "GET /api/auth/me/ HTTP/1.1" 200 147
[19/Sep/2026 16:30:09] "GET /api/companies/?category=sales-marketing&sort_by=reviews HTTP/1.1" 200 35311
[19/Sep/2026 16:30:09] "GET /api/platform-stats/ HTTP/1.1" 200 104
[19/Sep/2026 16:30:09] "GET /api/companies/?category=leadership-management&sort_by=reviews HTTP/1.1" 200 93592
[19/Sep/2026 16:30:10] "GET /api/auth/me/ HTTP/1.1" 200 147
[19/Sep/2026 16:30:10] "GET /api/notifications/ HTTP/1.1" 200 2
[19/Sep/2026 16:30:11] "GET /api/companies/ HTTP/1.1" 200 117740
[19/Sep/2026 16:30:11] "GET /api/reviews/?sort_by=newest&limit=9 HTTP/1.1" 200 11095
[19/Sep/2026 16:30:11] "GET /api/notifications/ HTTP/1.1" 200 2
[19/Sep/2026 16:30:13] "GET /api/competitors/ HTTP/1.1" 200 206291
[19/Sep/2026 16:30:32] "GET /api/notifications/ HTTP/1.1" 200 2
[19/Sep/2026 16:30:51] "GET /api/notifications/ HTTP/1.1" 200 2
[19/Sep/2026 16:31:11] "GET /api/notifications/ HTTP/1.1" 200 2
[19/Sep/2026 16:31:31] "GET /api/notifications/ HTTP/1.1" 200 2
[19/Sep/2026 16:31:52] "GET /api/notifications/ HTTP/1.1" 200 2
[19/Sep/2026 16:32:15] "GET /api/notifications/ HTTP/1.1" 200 2
[19/Sep/2026 16:32:34] "GET /api/notifications/ HTTP/1.1" 200 2
[19/Sep/2026 16:32:52] "GET /api/notifications/ HTTP/1.1" 200 2
[19/Sep/2026 16:33:14] "GET /api/notifications/ HTTP/1.1" 200 2
[19/Sep/2026 16:33:36] "GET /api/notifications/ HTTP/1.1" 200 2
[19/Sep/2026 16:33:53] "GET /api/notifications/ HTTP/1.1" 200 2
[19/Sep/2026 16:34:12] "GET /api/notifications/ HTTP/1.1" 200 2
[19/Sep/2026 16:34:32] "GET /api/notifications/ HTTP/1.1" 200 2
[19/Sep/2026 16:34:53] "GET /api/notifications/ HTTP/1.1" 200 2
[19/Sep/2026 16:35:14] "GET /api/notifications/ HTTP/1.1" 200 2
[19/Sep/2026 16:35:31] "GET /api/notifications/ HTTP/1.1" 200 2
[19/Sep/2026 16:35:54] "GET /api/notifications/ HTTP/1.1" 200 2
[19/Sep/2026 16:36:12] "GET /api/notifications/ HTTP/1.1" 200 2
[19/Sep/2026 16:36:33] "GET /api/notifications/ HTTP/1.1" 200 2
[19/Sep/2026 16:37:36] "GET /api/standards/ HTTP/1.1" 200 4546
[19/Sep/2026 16:37:36] "GET /api/review-sources/ HTTP/1.1" 200 299
[19/Sep/2026 16:37:37] "GET /api/companies/?category=sales-marketing HTTP/1.1" 200 35311
[19/Sep/2026 16:37:37] "GET /api/companies/?category=leadership-management HTTP/1.1" 200 93592
[19/Sep/2026 16:37:37] "GET /api/review-sources/ HTTP/1.1" 200 299
[19/Sep/2026 16:37:37] "GET /api/notifications/ HTTP/1.1" 200 2
[19/Sep/2026 16:37:37] "GET /api/companies/?category=sales-marketing HTTP/1.1" 200 35311
[19/Sep/2026 16:37:38] "GET /api/standards/ HTTP/1.1" 200 4546
[19/Sep/2026 16:37:38] "GET /api/companies/?category=leadership-management HTTP/1.1" 200 93592
[19/Sep/2026 16:37:38] "GET /api/platform-stats/ HTTP/1.1" 200 104
[19/Sep/2026 16:37:38] "GET /api/standards/ HTTP/1.1" 200 4546
[19/Sep/2026 16:37:38] "GET /api/review-sources/ HTTP/1.1" 200 299
[19/Sep/2026 16:37:39] "GET /api/platform-stats/ HTTP/1.1" 200 104
[19/Sep/2026 16:37:39] "GET /api/companies/?category=sales-marketing HTTP/1.1" 200 35311
[19/Sep/2026 16:37:39] "GET /api/review-sources/ HTTP/1.1" 200 299
[19/Sep/2026 16:37:40] "GET /api/notifications/ HTTP/1.1" 200 2
[19/Sep/2026 16:37:40] "GET /api/companies/?category=sales-marketing HTTP/1.1" 200 35311
[19/Sep/2026 16:37:40] "GET /api/standards/ HTTP/1.1" 200 4546
[19/Sep/2026 16:37:40] "GET /api/companies/?category=leadership-management HTTP/1.1" 200 93592
[19/Sep/2026 16:37:40] "GET /api/platform-stats/ HTTP/1.1" 200 104
[19/Sep/2026 16:37:40] "GET /api/standards/ HTTP/1.1" 200 4546
[19/Sep/2026 16:37:41] "GET /api/companies/?category=leadership-management HTTP/1.1" 200 93592
[19/Sep/2026 16:37:42] "GET /api/platform-stats/ HTTP/1.1" 200 104
[19/Sep/2026 16:37:42] "GET /api/standards/ HTTP/1.1" 200 4546
[19/Sep/2026 16:37:43] "GET /api/companies/?category=sales-marketing&sort_by=reviews HTTP/1.1" 200 35311
[19/Sep/2026 16:37:43] "GET /api/companies/?category=leadership-management&sort_by=reviews HTTP/1.1" 200 93592
[19/Sep/2026 16:37:43] "GET /api/standards/ HTTP/1.1" 200 4546
[19/Sep/2026 16:37:46] "GET /api/companies/?category=sales-marketing&sort_by=reviews HTTP/1.1" 200 35311
[19/Sep/2026 16:37:46] "GET /api/reviews/?sort_by=newest&limit=9 HTTP/1.1" 200 11215
[19/Sep/2026 16:37:47] "GET /api/companies/ HTTP/1.1" 200 117740
[19/Sep/2026 16:37:47] "GET /api/standards/ HTTP/1.1" 200 4546
[19/Sep/2026 16:37:47] "GET /api/competitors/ HTTP/1.1" 200 206291
[19/Sep/2026 16:37:48] "GET /api/companies/?category=leadership-management&sort_by=reviews HTTP/1.1" 200 93592
[19/Sep/2026 16:37:51] "GET /api/reviews/?sort_by=newest&limit=9 HTTP/1.1" 200 11095
[19/Sep/2026 16:37:53] "GET /api/companies/ HTTP/1.1" 200 117740
[19/Sep/2026 16:37:56] "GET /api/competitors/ HTTP/1.1" 200 206291
[19/Sep/2026 16:37:58] "GET /api/notifications/ HTTP/1.1" 200 2
[19/Sep/2026 16:38:19] "GET /api/notifications/ HTTP/1.1" 200 2
[19/Sep/2026 16:38:38] "GET /api/notifications/ HTTP/1.1" 200 2
[19/Sep/2026 16:38:57] "GET /api/notifications/ HTTP/1.1" 200 2
[19/Sep/2026 16:39:18] "GET /api/notifications/ HTTP/1.1" 200 2
[19/Sep/2026 16:39:38] "GET /api/notifications/ HTTP/1.1" 200 2
[19/Sep/2026 16:40:49] "GET /api/notifications/ HTTP/1.1" 200 2
[19/Sep/2026 16:41:47] "GET /api/notifications/ HTTP/1.1" 200 2
[19/Sep/2026 16:42:47] "GET /api/notifications/ HTTP/1.1" 200 2
[19/Sep/2026 16:43:47] "GET /api/notifications/ HTTP/1.1" 200 2
[19/Sep/2026 16:44:47] "GET /api/notifications/ HTTP/1.1" 200 2
[19/Sep/2026 16:45:48] "GET /api/notifications/ HTTP/1.1" 200 2
[19/Sep/2026 16:46:47] "GET /api/notifications/ HTTP/1.1" 200 2
[19/Sep/2026 16:47:48] "GET /api/notifications/ HTTP/1.1" 200 2
[19/Sep/2026 16:48:47] "GET /api/notifications/ HTTP/1.1" 200 2
[19/Sep/2026 16:49:48] "GET /api/notifications/ HTTP/1.1" 200 2
[19/Sep/2026 16:50:47] "GET /api/notifications/ HTTP/1.1" 200 2
[19/Sep/2026 16:51:47] "GET /api/notifications/ HTTP/1.1" 200 2
[19/Sep/2026 16:52:47] "GET /api/notifications/ HTTP/1.1" 200 2
[19/Sep/2026 16:53:47] "GET /api/notifications/ HTTP/1.1" 200 2
[19/Sep/2026 16:54:47] "GET /api/notifications/ HTTP/1.1" 200 2
[19/Sep/2026 16:55:50] "GET /api/notifications/ HTTP/1.1" 200 2
[19/Sep/2026 16:56:48] "GET /api/notifications/ HTTP/1.1" 200 2
[19/Sep/2026 16:57:48] "GET /api/notifications/ HTTP/1.1" 200 2
[19/Sep/2026 16:58:31] "GET /api/notifications/ HTTP/1.1" 200 2
[19/Sep/2026 16:58:36] "GET /api/notifications/ HTTP/1.1" 200 2
[19/Sep/2026 16:58:57] "GET /api/notifications/ HTTP/1.1" 200 2
[19/Sep/2026 16:59:16] "GET /api/notifications/ HTTP/1.1" 200 2
[19/Sep/2026 16:59:36] "GET /api/notifications/ HTTP/1.1" 200 2
[19/Sep/2026 16:59:57] "GET /api/notifications/ HTTP/1.1" 200 2
[19/Sep/2026 17:00:17] "GET /api/notifications/ HTTP/1.1" 200 2
[19/Sep/2026 17:00:19] "POST /api/chatbot/message/ HTTP/1.1" 200 401
[19/Sep/2026 17:00:36] "GET /api/notifications/ HTTP/1.1" 200 2
[19/Sep/2026 17:00:45] "GET /api/review-sources/ HTTP/1.1" 200 299
[19/Sep/2026 17:00:45] "GET /api/standards/ HTTP/1.1" 200 4546
[19/Sep/2026 17:00:45] "GET /api/notifications/ HTTP/1.1" 200 2
[19/Sep/2026 17:00:45] "GET /api/companies/?category=sales-marketing HTTP/1.1" 200 35311
[19/Sep/2026 17:00:45] "GET /api/review-sources/ HTTP/1.1" 200 299
[19/Sep/2026 17:00:46] "GET /api/platform-stats/ HTTP/1.1" 200 104
[19/Sep/2026 17:00:46] "GET /api/companies/?category=leadership-management HTTP/1.1" 200 93592
[19/Sep/2026 17:00:46] "GET /api/standards/ HTTP/1.1" 200 4546
[19/Sep/2026 17:00:46] "GET /api/platform-stats/ HTTP/1.1" 200 104
[19/Sep/2026 17:00:46] "GET /api/companies/?category=sales-marketing HTTP/1.1" 200 35311
[19/Sep/2026 17:00:47] "GET /api/review-sources/ HTTP/1.1" 200 299
[19/Sep/2026 17:00:47] "GET /api/notifications/ HTTP/1.1" 200 2
[19/Sep/2026 17:00:47] "GET /api/standards/ HTTP/1.1" 200 4546
[19/Sep/2026 17:00:47] "GET /api/review-sources/ HTTP/1.1" 200 299
[19/Sep/2026 17:00:47] "GET /api/companies/?category=leadership-management HTTP/1.1" 200 93592
[19/Sep/2026 17:00:47] "GET /api/companies/?category=sales-marketing HTTP/1.1" 200 35311
[19/Sep/2026 17:00:47] "GET /api/standards/ HTTP/1.1" 200 4546
[19/Sep/2026 17:00:48] "GET /api/companies/?category=leadership-management HTTP/1.1" 200 93592
[19/Sep/2026 17:00:48] "GET /api/platform-stats/ HTTP/1.1" 200 104
[19/Sep/2026 17:00:48] "GET /api/companies/?category=sales-marketing HTTP/1.1" 200 35311
[19/Sep/2026 17:00:48] "GET /api/platform-stats/ HTTP/1.1" 200 104
[19/Sep/2026 17:00:48] "GET /api/standards/ HTTP/1.1" 200 4546
[19/Sep/2026 17:00:48] "GET /api/companies/?category=leadership-management HTTP/1.1" 200 93592
[19/Sep/2026 17:00:49] "GET /api/standards/ HTTP/1.1" 200 4546
[19/Sep/2026 17:00:50] "GET /api/standards/ HTTP/1.1" 200 4546
[19/Sep/2026 17:00:50] "GET /api/companies/?category=sales-marketing&sort_by=reviews HTTP/1.1" 200 35311
[19/Sep/2026 17:00:50] "GET /api/standards/ HTTP/1.1" 200 4546
[19/Sep/2026 17:00:50] "GET /api/companies/?category=leadership-management&sort_by=reviews HTTP/1.1" 200 93592
[19/Sep/2026 17:00:50] "GET /api/companies/?category=sales-marketing&sort_by=reviews HTTP/1.1" 200 35311
[19/Sep/2026 17:00:50] "GET /api/companies/?category=leadership-management&sort_by=reviews HTTP/1.1" 200 93592
[19/Sep/2026 17:00:53] "GET /api/companies/ HTTP/1.1" 200 117740
[19/Sep/2026 17:00:53] "GET /api/reviews/?sort_by=newest&limit=9 HTTP/1.1" 200 11215
[19/Sep/2026 17:00:53] "GET /api/competitors/ HTTP/1.1" 200 206291
[19/Sep/2026 17:00:54] "GET /api/auth/csrf/ HTTP/1.1" 200 108
[19/Sep/2026 17:00:54] "GET /api/standards/ HTTP/1.1" 200 4546
[19/Sep/2026 17:00:55] "GET /api/companies/?category=sales-marketing HTTP/1.1" 200 35311
[19/Sep/2026 17:00:55] "GET /api/auth/csrf/ HTTP/1.1" 200 108
[19/Sep/2026 17:00:55] "GET /api/standards/ HTTP/1.1" 200 4546
[19/Sep/2026 17:00:57] "GET /api/review-sources/ HTTP/1.1" 200 299
[19/Sep/2026 17:00:57] "GET /api/companies/?category=leadership-management HTTP/1.1" 200 93592
[19/Sep/2026 17:00:58] "GET /api/companies/?category=sales-marketing HTTP/1.1" 200 35311
[19/Sep/2026 17:00:59] "GET /api/standards/ HTTP/1.1" 200 4546
[19/Sep/2026 17:00:59] "GET /api/platform-stats/ HTTP/1.1" 200 104
[19/Sep/2026 17:01:00] "GET /api/review-sources/ HTTP/1.1" 200 299
[19/Sep/2026 17:01:01] "GET /api/companies/?category=leadership-management HTTP/1.1" 200 93592
[19/Sep/2026 17:01:02] "GET /api/platform-stats/ HTTP/1.1" 200 104
[19/Sep/2026 17:01:02] "GET /api/auth/me/ HTTP/1.1" 200 147
[19/Sep/2026 17:01:03] "GET /api/companies/?category=sales-marketing&sort_by=reviews HTTP/1.1" 200 35311
[19/Sep/2026 17:01:04] "GET /api/companies/?category=leadership-management&sort_by=reviews HTTP/1.1" 200 93592
[19/Sep/2026 17:01:04] "GET /api/auth/me/ HTTP/1.1" 200 147
[19/Sep/2026 17:01:05] "GET /api/standards/ HTTP/1.1" 200 4546
[19/Sep/2026 17:01:06] "GET /api/reviews/?sort_by=newest&limit=9 HTTP/1.1" 200 11095
[19/Sep/2026 17:01:07] "GET /api/notifications/ HTTP/1.1" 200 2
[19/Sep/2026 17:01:09] "GET /api/notifications/ HTTP/1.1" 200 2
[19/Sep/2026 17:01:09] "GET /api/companies/ HTTP/1.1" 200 117740
[19/Sep/2026 17:01:12] "GET /api/competitors/ HTTP/1.1" 200 206291
[19/Sep/2026 17:01:26] "GET /api/notifications/ HTTP/1.1" 200 2
[19/Sep/2026 17:01:46] "GET /api/notifications/ HTTP/1.1" 200 2
[19/Sep/2026 17:02:06] "GET /api/notifications/ HTTP/1.1" 200 2
[19/Sep/2026 17:02:26] "GET /api/notifications/ HTTP/1.1" 200 2
[19/Sep/2026 17:02:46] "GET /api/notifications/ HTTP/1.1" 200 2
[19/Sep/2026 17:03:06] "GET /api/notifications/ HTTP/1.1" 200 2
[19/Sep/2026 17:03:27] "GET /api/notifications/ HTTP/1.1" 200 2
[19/Sep/2026 17:03:48] "GET /api/notifications/ HTTP/1.1" 200 2
[19/Sep/2026 17:04:07] "GET /api/notifications/ HTTP/1.1" 200 2
[19/Sep/2026 17:04:16] "GET /api/notifications/ HTTP/1.1" 200 2
[19/Sep/2026 17:04:17] "GET /api/companies/apprentify/ HTTP/1.1" 200 544
[19/Sep/2026 17:04:20] "GET /api/notifications/ HTTP/1.1" 200 2
[19/Sep/2026 17:04:20] "GET /api/companies/apprentify/ HTTP/1.1" 200 544
[19/Sep/2026 17:04:22] "GET /api/saved-providers/ HTTP/1.1" 200 2
[19/Sep/2026 17:04:22] "GET /api/rating-categories/ HTTP/1.1" 200 1176
[19/Sep/2026 17:04:22] "GET /api/standards/ HTTP/1.1" 200 4546
[19/Sep/2026 17:04:23] "GET /api/companies/apprentify/rating-summary/ HTTP/1.1" 200 159
[19/Sep/2026 17:04:23] "GET /api/companies/apprentify/standards/ HTTP/1.1" 200 167
[19/Sep/2026 17:04:27] "GET /api/reviews/?limit=200&company=apprentify HTTP/1.1" 200 190956
[19/Sep/2026 17:04:32] "GET /api/notifications/ HTTP/1.1" 200 2
[19/Sep/2026 17:04:32] "GET /api/companies/?category=sales-marketing HTTP/1.1" 200 35311
[19/Sep/2026 17:04:33] "GET /api/standards/ HTTP/1.1" 200 4546
[19/Sep/2026 17:04:33] "GET /api/review-sources/ HTTP/1.1" 200 299
[19/Sep/2026 17:04:33] "GET /api/companies/?category=leadership-management HTTP/1.1" 200 93592
[19/Sep/2026 17:04:33] "GET /api/platform-stats/ HTTP/1.1" 200 104
[19/Sep/2026 17:04:35] "GET /api/companies/?category=sales-marketing HTTP/1.1" 200 35311
[19/Sep/2026 17:04:35] "GET /api/notifications/ HTTP/1.1" 200 2
[19/Sep/2026 17:04:35] "GET /api/review-sources/ HTTP/1.1" 200 299
[19/Sep/2026 17:04:35] "GET /api/companies/?category=leadership-management HTTP/1.1" 200 93592
[19/Sep/2026 17:04:36] "GET /api/platform-stats/ HTTP/1.1" 200 104
[19/Sep/2026 17:04:36] "GET /api/standards/ HTTP/1.1" 200 4546
[19/Sep/2026 17:04:39] "GET /api/standards/ HTTP/1.1" 200 4546
[19/Sep/2026 17:04:41] "GET /api/companies/?category=sales-marketing&sort_by=reviews HTTP/1.1" 200 35311
[19/Sep/2026 17:04:41] "GET /api/standards/ HTTP/1.1" 200 4546
[19/Sep/2026 17:04:42] "GET /api/companies/apprentify/ HTTP/1.1" 200 544
[19/Sep/2026 17:04:42] "GET /api/notifications/ HTTP/1.1" 200 2
[19/Sep/2026 17:04:42] "GET /api/companies/?category=leadership-management&sort_by=reviews HTTP/1.1" 200 93592
[19/Sep/2026 17:04:43] "GET /api/companies/apprentify/ HTTP/1.1" 200 544
[19/Sep/2026 17:04:43] "GET /api/notifications/ HTTP/1.1" 200 2
[19/Sep/2026 17:04:44] "GET /api/standards/ HTTP/1.1" 200 4546
[19/Sep/2026 17:04:44] "GET /api/review-sources/ HTTP/1.1" 200 299
[19/Sep/2026 17:04:44] "GET /api/companies/?category=sales-marketing HTTP/1.1" 200 35311
[19/Sep/2026 17:04:46] "GET /api/auth/csrf/ HTTP/1.1" 200 108
[19/Sep/2026 17:04:46] "GET /api/auth/csrf/ HTTP/1.1" 200 108
[19/Sep/2026 17:04:46] "GET /api/standards/ HTTP/1.1" 200 4546
[19/Sep/2026 17:04:46] "GET /api/standards/ HTTP/1.1" 200 4546
[19/Sep/2026 17:04:47] "GET /api/companies/?category=sales-marketing HTTP/1.1" 200 35311
[19/Sep/2026 17:04:47] "GET /api/review-sources/ HTTP/1.1" 200 299
[19/Sep/2026 17:04:47] "GET /api/companies/?category=leadership-management HTTP/1.1" 200 93592
[19/Sep/2026 17:04:48] "GET /api/platform-stats/ HTTP/1.1" 200 104
[19/Sep/2026 17:04:48] "GET /api/standards/ HTTP/1.1" 200 4546
[19/Sep/2026 17:04:48] "GET /api/companies/?category=sales-marketing HTTP/1.1" 200 35311
[19/Sep/2026 17:04:49] "GET /api/companies/?category=leadership-management HTTP/1.1" 200 93592
[19/Sep/2026 17:04:49] "GET /api/standards/ HTTP/1.1" 200 4546
[19/Sep/2026 17:04:49] "GET /api/auth/me/ HTTP/1.1" 200 147
[19/Sep/2026 17:04:49] "GET /api/review-sources/ HTTP/1.1" 200 299
[19/Sep/2026 17:04:50] "GET /api/companies/?category=sales-marketing&sort_by=reviews HTTP/1.1" 200 35311
[19/Sep/2026 17:04:50] "GET /api/platform-stats/ HTTP/1.1" 200 104
[19/Sep/2026 17:04:51] "GET /api/auth/me/ HTTP/1.1" 200 147
[19/Sep/2026 17:04:51] "GET /api/companies/?category=leadership-management&sort_by=reviews HTTP/1.1" 200 93592
[19/Sep/2026 17:04:51] "GET /api/notifications/ HTTP/1.1" 200 2
[19/Sep/2026 17:04:52] "GET /api/notifications/ HTTP/1.1" 200 2
[19/Sep/2026 17:04:53] "GET /api/companies/ HTTP/1.1" 200 117740
[19/Sep/2026 17:04:53] "GET /api/reviews/?sort_by=newest&limit=9 HTTP/1.1" 200 11095
[19/Sep/2026 17:04:54] "GET /api/competitors/ HTTP/1.1" 200 206291
[19/Sep/2026 17:05:12] "GET /api/notifications/ HTTP/1.1" 200 2
[19/Sep/2026 17:05:32] "GET /api/notifications/ HTTP/1.1" 200 2
[19/Sep/2026 17:05:53] "GET /api/notifications/ HTTP/1.1" 200 2
[19/Sep/2026 17:06:12] "GET /api/notifications/ HTTP/1.1" 200 2
[19/Sep/2026 17:06:32] "GET /api/notifications/ HTTP/1.1" 200 2
[19/Sep/2026 17:06:52] "GET /api/notifications/ HTTP/1.1" 200 2
[19/Sep/2026 17:07:12] "GET /api/notifications/ HTTP/1.1" 200 2
[19/Sep/2026 17:07:32] "GET /api/notifications/ HTTP/1.1" 200 2
[19/Sep/2026 17:07:52] "GET /api/notifications/ HTTP/1.1" 200 2
[19/Sep/2026 17:08:12] "GET /api/notifications/ HTTP/1.1" 200 2
[19/Sep/2026 17:08:33] "GET /api/auth/csrf/ HTTP/1.1" 200 108
[19/Sep/2026 17:08:33] "GET /api/auth/csrf/ HTTP/1.1" 200 108
[19/Sep/2026 17:08:33] "GET /api/review-sources/ HTTP/1.1" 200 299
[19/Sep/2026 17:08:33] "GET /api/standards/ HTTP/1.1" 200 4546
[19/Sep/2026 17:08:33] "GET /api/companies/?category=sales-marketing HTTP/1.1" 200 35311
[19/Sep/2026 17:08:33] "GET /api/companies/?category=leadership-management HTTP/1.1" 200 93592
[19/Sep/2026 17:08:34] "GET /api/standards/ HTTP/1.1" 200 4546
[19/Sep/2026 17:08:35] "GET /api/platform-stats/ HTTP/1.1" 200 104
[19/Sep/2026 17:08:35] "GET /api/standards/ HTTP/1.1" 200 4546
[19/Sep/2026 17:08:35] "GET /api/companies/?category=sales-marketing HTTP/1.1" 200 35311
[19/Sep/2026 17:08:35] "GET /api/standards/ HTTP/1.1" 200 4546
[19/Sep/2026 17:08:35] "GET /api/companies/?category=leadership-management HTTP/1.1" 200 93592
[19/Sep/2026 17:08:36] "GET /api/review-sources/ HTTP/1.1" 200 299
[19/Sep/2026 17:08:36] "GET /api/auth/me/ HTTP/1.1" 200 147
[19/Sep/2026 17:08:36] "GET /api/platform-stats/ HTTP/1.1" 200 104
[19/Sep/2026 17:08:36] "GET /api/companies/?category=sales-marketing&sort_by=reviews HTTP/1.1" 200 35311
[19/Sep/2026 17:08:37] "GET /api/companies/?category=leadership-management&sort_by=reviews HTTP/1.1" 200 93592
[19/Sep/2026 17:08:37] "GET /api/auth/me/ HTTP/1.1" 200 147
[19/Sep/2026 17:08:37] "GET /api/notifications/ HTTP/1.1" 200 2
[19/Sep/2026 17:08:39] "GET /api/companies/ HTTP/1.1" 200 117740
[19/Sep/2026 17:08:39] "GET /api/reviews/?sort_by=newest&limit=9 HTTP/1.1" 200 11095
[19/Sep/2026 17:08:39] "GET /api/notifications/ HTTP/1.1" 200 2
[19/Sep/2026 17:08:40] "GET /api/competitors/ HTTP/1.1" 200 206291
[19/Sep/2026 17:08:59] "GET /api/notifications/ HTTP/1.1" 200 2
[19/Sep/2026 17:09:19] "GET /api/notifications/ HTTP/1.1" 200 2
[19/Sep/2026 17:09:39] "GET /api/notifications/ HTTP/1.1" 200 2
[19/Sep/2026 17:09:47] "POST /api/chatbot/message/ HTTP/1.1" 200 354
[19/Sep/2026 17:09:59] "GET /api/notifications/ HTTP/1.1" 200 2
[19/Sep/2026 17:10:19] "GET /api/notifications/ HTTP/1.1" 200 2
[19/Sep/2026 17:10:39] "GET /api/notifications/ HTTP/1.1" 200 2
[19/Sep/2026 17:10:59] "GET /api/notifications/ HTTP/1.1" 200 2
[19/Sep/2026 17:11:19] "GET /api/notifications/ HTTP/1.1" 200 2
[19/Sep/2026 17:11:39] "GET /api/notifications/ HTTP/1.1" 200 2
[19/Sep/2026 17:11:59] "GET /api/notifications/ HTTP/1.1" 200 2
[19/Sep/2026 17:12:19] "GET /api/notifications/ HTTP/1.1" 200 2
[19/Sep/2026 17:12:39] "GET /api/notifications/ HTTP/1.1" 200 2
[19/Sep/2026 17:12:59] "GET /api/notifications/ HTTP/1.1" 200 2
[19/Sep/2026 17:13:04] "GET /api/auth/csrf/ HTTP/1.1" 200 108
[19/Sep/2026 17:13:04] "GET /api/auth/csrf/ HTTP/1.1" 200 108
[19/Sep/2026 17:13:05] "GET /api/standards/ HTTP/1.1" 200 4546
[19/Sep/2026 17:13:05] "GET /api/standards/ HTTP/1.1" 200 4546
[19/Sep/2026 17:13:05] "GET /api/companies/?category=sales-marketing HTTP/1.1" 200 35311
[19/Sep/2026 17:13:05] "GET /api/companies/?category=leadership-management HTTP/1.1" 200 93592
[19/Sep/2026 17:13:06] "GET /api/review-sources/ HTTP/1.1" 200 299
[19/Sep/2026 17:13:07] "GET /api/platform-stats/ HTTP/1.1" 200 104
[19/Sep/2026 17:13:07] "GET /api/standards/ HTTP/1.1" 200 4546
[19/Sep/2026 17:13:07] "GET /api/companies/?category=leadership-management HTTP/1.1" 200 93592
[19/Sep/2026 17:13:07] "GET /api/standards/ HTTP/1.1" 200 4546
[19/Sep/2026 17:13:08] "GET /api/companies/?category=sales-marketing HTTP/1.1" 200 35311
[19/Sep/2026 17:13:08] "GET /api/review-sources/ HTTP/1.1" 200 299
[19/Sep/2026 17:13:08] "GET /api/auth/me/ HTTP/1.1" 200 147
[19/Sep/2026 17:13:09] "GET /api/auth/me/ HTTP/1.1" 200 147
[19/Sep/2026 17:13:09] "GET /api/platform-stats/ HTTP/1.1" 200 104
[19/Sep/2026 17:13:09] "GET /api/companies/?category=sales-marketing&sort_by=reviews HTTP/1.1" 200 35311
[19/Sep/2026 17:13:10] "GET /api/companies/?category=leadership-management&sort_by=reviews HTTP/1.1" 200 93592
[19/Sep/2026 17:13:10] "GET /api/notifications/ HTTP/1.1" 200 2
[19/Sep/2026 17:13:12] "GET /api/notifications/ HTTP/1.1" 200 2
[19/Sep/2026 17:13:12] "GET /api/companies/ HTTP/1.1" 200 117740
[19/Sep/2026 17:13:12] "GET /api/reviews/?sort_by=newest&limit=9 HTTP/1.1" 200 11095
[19/Sep/2026 17:13:14] "GET /api/competitors/ HTTP/1.1" 200 206291
[19/Sep/2026 17:13:30] "GET /api/notifications/ HTTP/1.1" 200 2
[19/Sep/2026 17:13:50] "GET /api/notifications/ HTTP/1.1" 200 2
[19/Sep/2026 17:14:10] "GET /api/notifications/ HTTP/1.1" 200 2
[19/Sep/2026 17:14:30] "GET /api/notifications/ HTTP/1.1" 200 2
[19/Sep/2026 17:14:50] "GET /api/notifications/ HTTP/1.1" 200 2
[19/Sep/2026 17:15:05] "GET /api/auth/csrf/ HTTP/1.1" 200 108
[19/Sep/2026 17:15:05] "GET /api/auth/csrf/ HTTP/1.1" 200 108
[19/Sep/2026 17:15:05] "GET /api/standards/ HTTP/1.1" 200 4546
[19/Sep/2026 17:15:05] "GET /api/standards/ HTTP/1.1" 200 4546
[19/Sep/2026 17:15:05] "GET /api/companies/?category=sales-marketing HTTP/1.1" 200 35311
[19/Sep/2026 17:15:06] "GET /api/companies/?category=leadership-management HTTP/1.1" 200 93592
[19/Sep/2026 17:15:06] "GET /api/review-sources/ HTTP/1.1" 200 299
[19/Sep/2026 17:15:07] "GET /api/standards/ HTTP/1.1" 200 4546
[19/Sep/2026 17:15:07] "GET /api/platform-stats/ HTTP/1.1" 200 104
[19/Sep/2026 17:15:07] "GET /api/companies/?category=sales-marketing HTTP/1.1" 200 35311
[19/Sep/2026 17:15:07] "GET /api/standards/ HTTP/1.1" 200 4546
[19/Sep/2026 17:15:07] "GET /api/companies/?category=leadership-management HTTP/1.1" 200 93592
[19/Sep/2026 17:15:08] "GET /api/review-sources/ HTTP/1.1" 200 299
[19/Sep/2026 17:15:08] "GET /api/auth/me/ HTTP/1.1" 200 147
[19/Sep/2026 17:15:08] "GET /api/platform-stats/ HTTP/1.1" 200 104
[19/Sep/2026 17:15:09] "GET /api/companies/?category=sales-marketing&sort_by=reviews HTTP/1.1" 200 35311
[19/Sep/2026 17:15:09] "GET /api/companies/?category=leadership-management&sort_by=reviews HTTP/1.1" 200 93592
[19/Sep/2026 17:15:09] "GET /api/auth/me/ HTTP/1.1" 200 147
[19/Sep/2026 17:15:09] "GET /api/notifications/ HTTP/1.1" 200 2
[19/Sep/2026 17:15:11] "GET /api/companies/ HTTP/1.1" 200 117740
[19/Sep/2026 17:15:11] "GET /api/notifications/ HTTP/1.1" 200 2
[19/Sep/2026 17:15:11] "GET /api/reviews/?sort_by=newest&limit=9 HTTP/1.1" 200 11095
[19/Sep/2026 17:15:12] "GET /api/competitors/ HTTP/1.1" 200 206291
[19/Sep/2026 17:15:17] "POST /api/chatbot/message/ HTTP/1.1" 200 385
[19/Sep/2026 17:15:31] "GET /api/notifications/ HTTP/1.1" 200 2
[19/Sep/2026 17:15:45] "GET /api/auth/csrf/ HTTP/1.1" 200 108
[19/Sep/2026 17:15:46] "GET /api/standards/ HTTP/1.1" 200 4546
[19/Sep/2026 17:15:46] "GET /api/review-sources/ HTTP/1.1" 200 299
[19/Sep/2026 17:15:46] "GET /api/companies/?category=sales-marketing HTTP/1.1" 200 35311
[19/Sep/2026 17:15:46] "GET /api/companies/?category=leadership-management HTTP/1.1" 200 93592
[19/Sep/2026 17:15:46] "GET /api/platform-stats/ HTTP/1.1" 200 104
[19/Sep/2026 17:15:47] "GET /api/auth/csrf/ HTTP/1.1" 200 108
[19/Sep/2026 17:15:47] "GET /api/auth/me/ HTTP/1.1" 200 147
[19/Sep/2026 17:15:47] "GET /api/standards/ HTTP/1.1" 200 4546
[19/Sep/2026 17:15:47] "GET /api/review-sources/ HTTP/1.1" 200 299
[19/Sep/2026 17:15:48] "GET /api/companies/?category=sales-marketing HTTP/1.1" 200 35311
[19/Sep/2026 17:15:48] "GET /api/companies/?category=leadership-management HTTP/1.1" 200 93592
[19/Sep/2026 17:15:48] "GET /api/auth/me/ HTTP/1.1" 200 147
[19/Sep/2026 17:15:49] "GET /api/platform-stats/ HTTP/1.1" 200 104
[19/Sep/2026 17:15:49] "GET /api/notifications/ HTTP/1.1" 200 2
[19/Sep/2026 17:15:49] "GET /api/standards/ HTTP/1.1" 200 4546
[19/Sep/2026 17:15:50] "GET /api/notifications/ HTTP/1.1" 200 2
[19/Sep/2026 17:15:50] "GET /api/standards/ HTTP/1.1" 200 4546
[19/Sep/2026 17:15:51] "GET /api/companies/?category=sales-marketing&sort_by=reviews HTTP/1.1" 200 35311
[19/Sep/2026 17:15:51] "GET /api/companies/?category=leadership-management&sort_by=reviews HTTP/1.1" 200 93592
[19/Sep/2026 17:15:52] "GET /api/notifications/ HTTP/1.1" 200 2
[19/Sep/2026 17:15:52] "GET /api/rating-categories/ HTTP/1.1" 200 1176
[19/Sep/2026 17:15:53] "GET /api/companies/ HTTP/1.1" 200 117740
[19/Sep/2026 17:15:53] "GET /api/standards/ HTTP/1.1" 200 4546
[19/Sep/2026 17:15:53] "GET /api/reviews/?sort_by=newest&limit=9 HTTP/1.1" 200 11095
[19/Sep/2026 17:15:54] "GET /api/notifications/ HTTP/1.1" 200 2
[19/Sep/2026 17:15:54] "GET /api/rating-categories/ HTTP/1.1" 200 1176
[19/Sep/2026 17:15:54] "GET /api/standards/ HTTP/1.1" 200 4546
[19/Sep/2026 17:15:54] "GET /api/companies/ HTTP/1.1" 200 117740
[19/Sep/2026 17:15:56] "GET /api/companies/ HTTP/1.1" 200 117740
[19/Sep/2026 17:16:08] "POST /api/reviews/ HTTP/1.1" 201 599
[19/Sep/2026 17:16:12] "GET /api/standards/ HTTP/1.1" 200 4546
[19/Sep/2026 17:16:12] "GET /api/notifications/ HTTP/1.1" 200 2
[19/Sep/2026 17:16:12] "GET /api/review-sources/ HTTP/1.1" 200 299
[19/Sep/2026 17:16:12] "GET /api/companies/?category=sales-marketing HTTP/1.1" 200 35311
[19/Sep/2026 17:16:12] "GET /api/companies/?category=leadership-management HTTP/1.1" 200 93592
[19/Sep/2026 17:16:12] "GET /api/platform-stats/ HTTP/1.1" 200 104
[19/Sep/2026 17:16:13] "GET /api/notifications/ HTTP/1.1" 200 2
[19/Sep/2026 17:16:13] "GET /api/review-sources/ HTTP/1.1" 200 299
[19/Sep/2026 17:16:13] "GET /api/standards/ HTTP/1.1" 200 4546
[19/Sep/2026 17:16:13] "GET /api/companies/?category=sales-marketing HTTP/1.1" 200 35311
[19/Sep/2026 17:16:14] "GET /api/companies/?category=leadership-management HTTP/1.1" 200 93592
[19/Sep/2026 17:16:14] "GET /api/platform-stats/ HTTP/1.1" 200 104
[19/Sep/2026 17:16:15] "GET /api/standards/ HTTP/1.1" 200 4546
[19/Sep/2026 17:16:16] "GET /api/standards/ HTTP/1.1" 200 4546
[19/Sep/2026 17:16:16] "GET /api/companies/?category=sales-marketing&sort_by=reviews HTTP/1.1" 200 35311
[19/Sep/2026 17:16:16] "GET /api/companies/?category=leadership-management&sort_by=reviews HTTP/1.1" 200 93592
[19/Sep/2026 17:16:18] "GET /api/companies/ HTTP/1.1" 200 117740
[19/Sep/2026 17:16:18] "GET /api/reviews/?sort_by=newest&limit=9 HTTP/1.1" 200 9940
[19/Sep/2026 17:16:20] "GET /api/competitors/ HTTP/1.1" 200 206291
[19/Sep/2026 17:16:32] "GET /api/notifications/ HTTP/1.1" 200 2
[19/Sep/2026 17:16:52] "GET /api/notifications/ HTTP/1.1" 200 2
[19/Sep/2026 17:17:12] "GET /api/notifications/ HTTP/1.1" 200 2
[19/Sep/2026 17:17:32] "GET /api/notifications/ HTTP/1.1" 200 2
[19/Sep/2026 17:17:52] "GET /api/notifications/ HTTP/1.1" 200 2
[19/Sep/2026 17:18:12] "GET /api/notifications/ HTTP/1.1" 200 2
[19/Sep/2026 17:18:32] "GET /api/notifications/ HTTP/1.1" 200 2
[19/Sep/2026 17:18:52] "GET /api/notifications/ HTTP/1.1" 200 2
[19/Sep/2026 17:19:12] "GET /api/notifications/ HTTP/1.1" 200 2
[19/Sep/2026 17:19:19] "GET /api/auth/csrf/ HTTP/1.1" 200 108
[19/Sep/2026 17:19:19] "GET /api/auth/csrf/ HTTP/1.1" 200 108
[19/Sep/2026 17:19:19] "GET /api/standards/ HTTP/1.1" 200 4546
[19/Sep/2026 17:19:19] "GET /api/standards/ HTTP/1.1" 200 4546
[19/Sep/2026 17:19:20] "GET /api/companies/?category=sales-marketing HTTP/1.1" 200 35311
[19/Sep/2026 17:19:20] "GET /api/review-sources/ HTTP/1.1" 200 299
[19/Sep/2026 17:19:20] "GET /api/companies/?category=leadership-management HTTP/1.1" 200 93592
[19/Sep/2026 17:19:21] "GET /api/platform-stats/ HTTP/1.1" 200 104
[19/Sep/2026 17:19:21] "GET /api/standards/ HTTP/1.1" 200 4546
[19/Sep/2026 17:19:21] "GET /api/companies/?category=sales-marketing HTTP/1.1" 200 35311
[19/Sep/2026 17:19:21] "GET /api/companies/?category=leadership-management HTTP/1.1" 200 93592
[19/Sep/2026 17:19:22] "GET /api/standards/ HTTP/1.1" 200 4546
[19/Sep/2026 17:19:22] "GET /api/review-sources/ HTTP/1.1" 200 299
[19/Sep/2026 17:19:22] "GET /api/auth/me/ HTTP/1.1" 200 147
[19/Sep/2026 17:19:22] "GET /api/platform-stats/ HTTP/1.1" 200 104
[19/Sep/2026 17:19:22] "GET /api/companies/?category=sales-marketing&sort_by=reviews HTTP/1.1" 200 35311
[19/Sep/2026 17:19:23] "GET /api/auth/me/ HTTP/1.1" 200 147
[19/Sep/2026 17:19:23] "GET /api/companies/?category=leadership-management&sort_by=reviews HTTP/1.1" 200 93592
[19/Sep/2026 17:19:23] "GET /api/notifications/ HTTP/1.1" 200 2
[19/Sep/2026 17:19:25] "GET /api/notifications/ HTTP/1.1" 200 2
[19/Sep/2026 17:19:25] "GET /api/companies/ HTTP/1.1" 200 117740
[19/Sep/2026 17:19:25] "GET /api/reviews/?sort_by=newest&limit=9 HTTP/1.1" 200 9940
[19/Sep/2026 17:19:27] "GET /api/competitors/ HTTP/1.1" 200 206291
[19/Sep/2026 17:19:45] "GET /api/notifications/ HTTP/1.1" 200 2
[19/Sep/2026 17:20:05] "GET /api/notifications/ HTTP/1.1" 200 2
[19/Sep/2026 17:20:25] "GET /api/notifications/ HTTP/1.1" 200 2
[19/Sep/2026 17:20:45] "GET /api/notifications/ HTTP/1.1" 200 2
[19/Sep/2026 17:21:05] "GET /api/notifications/ HTTP/1.1" 200 2
[19/Sep/2026 17:21:25] "GET /api/notifications/ HTTP/1.1" 200 2
[19/Sep/2026 17:21:45] "GET /api/notifications/ HTTP/1.1" 200 2
[19/Sep/2026 17:22:05] "GET /api/notifications/ HTTP/1.1" 200 2
[19/Sep/2026 17:22:20] "GET /api/competitors/ HTTP/1.1" 200 206291
[19/Sep/2026 17:22:20] "GET /api/notifications/ HTTP/1.1" 200 2
[19/Sep/2026 17:22:22] "GET /api/competitors/ HTTP/1.1" 200 206291
[19/Sep/2026 17:22:22] "GET /api/notifications/ HTTP/1.1" 200 2
[19/Sep/2026 17:22:24] "GET /api/notifications/ HTTP/1.1" 200 2
[19/Sep/2026 17:22:24] "GET /api/review-sources/ HTTP/1.1" 200 299
[19/Sep/2026 17:22:24] "GET /api/standards/ HTTP/1.1" 200 4546
[19/Sep/2026 17:22:25] "GET /api/companies/?category=sales-marketing HTTP/1.1" 200 35311
[19/Sep/2026 17:22:25] "GET /api/companies/?category=leadership-management HTTP/1.1" 200 93592
[19/Sep/2026 17:22:25] "GET /api/platform-stats/ HTTP/1.1" 200 104
[19/Sep/2026 17:22:26] "GET /api/notifications/ HTTP/1.1" 200 2
[19/Sep/2026 17:22:26] "GET /api/standards/ HTTP/1.1" 200 4546
[19/Sep/2026 17:22:26] "GET /api/review-sources/ HTTP/1.1" 200 299
[19/Sep/2026 17:22:26] "GET /api/companies/?category=sales-marketing HTTP/1.1" 200 35311
[19/Sep/2026 17:22:26] "GET /api/companies/?category=leadership-management HTTP/1.1" 200 93592
[19/Sep/2026 17:22:27] "GET /api/platform-stats/ HTTP/1.1" 200 104
[19/Sep/2026 17:22:27] "GET /api/standards/ HTTP/1.1" 200 4546
[19/Sep/2026 17:22:29] "GET /api/standards/ HTTP/1.1" 200 4546
[19/Sep/2026 17:22:29] "GET /api/companies/?category=sales-marketing&sort_by=reviews HTTP/1.1" 200 35311
[19/Sep/2026 17:22:29] "GET /api/companies/?category=leadership-management&sort_by=reviews HTTP/1.1" 200 93592
[19/Sep/2026 17:22:31] "GET /api/companies/ HTTP/1.1" 200 117740
[19/Sep/2026 17:22:31] "GET /api/reviews/?sort_by=newest&limit=9 HTTP/1.1" 200 9940
[19/Sep/2026 17:22:33] "GET /api/competitors/ HTTP/1.1" 200 206291
[19/Sep/2026 17:22:44] "GET /api/notifications/ HTTP/1.1" 200 2
[19/Sep/2026 17:23:04] "GET /api/notifications/ HTTP/1.1" 200 2
[19/Sep/2026 17:23:24] "GET /api/notifications/ HTTP/1.1" 200 2
[19/Sep/2026 17:23:36] "GET /api/auth/csrf/ HTTP/1.1" 200 108
[19/Sep/2026 17:23:36] "GET /api/auth/csrf/ HTTP/1.1" 200 108
[19/Sep/2026 17:23:37] "GET /api/standards/ HTTP/1.1" 200 4546
[19/Sep/2026 17:23:37] "GET /api/companies/?category=sales-marketing HTTP/1.1" 200 35311
[19/Sep/2026 17:23:37] "GET /api/companies/?category=leadership-management HTTP/1.1" 200 93592
[19/Sep/2026 17:23:37] "GET /api/standards/ HTTP/1.1" 200 4546
[19/Sep/2026 17:23:38] "GET /api/review-sources/ HTTP/1.1" 200 299
[19/Sep/2026 17:23:38] "GET /api/platform-stats/ HTTP/1.1" 200 104
[19/Sep/2026 17:23:38] "GET /api/standards/ HTTP/1.1" 200 4546
[19/Sep/2026 17:23:39] "GET /api/companies/?category=sales-marketing HTTP/1.1" 200 35311
[19/Sep/2026 17:23:39] "GET /api/standards/ HTTP/1.1" 200 4546
[19/Sep/2026 17:23:39] "GET /api/companies/?category=leadership-management HTTP/1.1" 200 93592
[19/Sep/2026 17:23:39] "GET /api/review-sources/ HTTP/1.1" 200 299
[19/Sep/2026 17:23:40] "GET /api/auth/me/ HTTP/1.1" 200 147
[19/Sep/2026 17:23:40] "GET /api/auth/me/ HTTP/1.1" 200 147
[19/Sep/2026 17:23:40] "GET /api/platform-stats/ HTTP/1.1" 200 104
[19/Sep/2026 17:23:41] "GET /api/companies/?category=sales-marketing&sort_by=reviews HTTP/1.1" 200 35311
[19/Sep/2026 17:23:41] "GET /api/companies/?category=leadership-management&sort_by=reviews HTTP/1.1" 200 93592
[19/Sep/2026 17:23:41] "GET /api/notifications/ HTTP/1.1" 200 2
[19/Sep/2026 17:23:43] "GET /api/notifications/ HTTP/1.1" 200 2
[19/Sep/2026 17:23:43] "GET /api/companies/ HTTP/1.1" 200 117740
[19/Sep/2026 17:23:44] "GET /api/reviews/?sort_by=newest&limit=9 HTTP/1.1" 200 9940
[19/Sep/2026 17:23:45] "GET /api/competitors/ HTTP/1.1" 200 206291
[19/Sep/2026 17:24:01] "GET /api/notifications/ HTTP/1.1" 200 2
[19/Sep/2026 17:24:14] "GET /api/notifications/ HTTP/1.1" 200 2
[19/Sep/2026 17:24:14] "GET /api/standards/ HTTP/1.1" 200 4546
[19/Sep/2026 17:24:15] "GET /api/categories/ HTTP/1.1" 200 2110
[19/Sep/2026 17:24:15] "GET /api/companies/?level=4&sort_by=name HTTP/1.1" 200 114666
[19/Sep/2026 17:24:16] "GET /api/standards/ HTTP/1.1" 200 4546
[19/Sep/2026 17:24:16] "GET /api/notifications/ HTTP/1.1" 200 2
[19/Sep/2026 17:24:16] "GET /api/categories/ HTTP/1.1" 200 2110
[19/Sep/2026 17:24:34] "GET /api/notifications/ HTTP/1.1" 200 2
[19/Sep/2026 17:24:54] "GET /api/notifications/ HTTP/1.1" 200 2
[19/Sep/2026 17:25:14] "GET /api/notifications/ HTTP/1.1" 200 2
[19/Sep/2026 17:25:34] "GET /api/notifications/ HTTP/1.1" 200 2
[19/Sep/2026 17:25:54] "GET /api/notifications/ HTTP/1.1" 200 2
[19/Sep/2026 17:26:14] "GET /api/notifications/ HTTP/1.1" 200 2
[19/Sep/2026 17:26:21] "GET /api/notifications/ HTTP/1.1" 200 2
[19/Sep/2026 17:26:21] "GET /api/review-sources/ HTTP/1.1" 200 299
[19/Sep/2026 17:26:21] "GET /api/standards/ HTTP/1.1" 200 4546
[19/Sep/2026 17:26:22] "GET /api/companies/?category=sales-marketing HTTP/1.1" 200 35311
[19/Sep/2026 17:26:22] "GET /api/companies/?category=leadership-management HTTP/1.1" 200 93592
[19/Sep/2026 17:26:22] "GET /api/platform-stats/ HTTP/1.1" 200 104
[19/Sep/2026 17:26:23] "GET /api/notifications/ HTTP/1.1" 200 2
[19/Sep/2026 17:26:23] "GET /api/review-sources/ HTTP/1.1" 200 299
[19/Sep/2026 17:26:23] "GET /api/standards/ HTTP/1.1" 200 4546
[19/Sep/2026 17:26:23] "GET /api/companies/?category=sales-marketing HTTP/1.1" 200 35311
[19/Sep/2026 17:26:24] "GET /api/companies/?category=leadership-management HTTP/1.1" 200 93592
[19/Sep/2026 17:26:24] "GET /api/platform-stats/ HTTP/1.1" 200 104
[19/Sep/2026 17:26:24] "GET /api/standards/ HTTP/1.1" 200 4546
[19/Sep/2026 17:26:26] "GET /api/standards/ HTTP/1.1" 200 4546
[19/Sep/2026 17:26:26] "GET /api/companies/?category=sales-marketing&sort_by=reviews HTTP/1.1" 200 35311
[19/Sep/2026 17:26:26] "GET /api/companies/?category=leadership-management&sort_by=reviews HTTP/1.1" 200 93592
[19/Sep/2026 17:26:28] "GET /api/companies/ HTTP/1.1" 200 117740
[19/Sep/2026 17:26:28] "GET /api/reviews/?sort_by=newest&limit=9 HTTP/1.1" 200 9940
[19/Sep/2026 17:26:30] "GET /api/competitors/ HTTP/1.1" 200 206291
[19/Sep/2026 17:26:41] "GET /api/notifications/ HTTP/1.1" 200 2
[19/Sep/2026 17:27:01] "GET /api/notifications/ HTTP/1.1" 200 2
[19/Sep/2026 17:27:04] "GET /api/notifications/ HTTP/1.1" 200 2
[19/Sep/2026 17:27:04] "GET /api/standards/ HTTP/1.1" 200 4546
[19/Sep/2026 17:27:04] "GET /api/categories/ HTTP/1.1" 200 2110
[19/Sep/2026 17:27:04] "GET /api/companies/?sort_by=name HTTP/1.1" 200 117740
[19/Sep/2026 17:27:05] "GET /api/notifications/ HTTP/1.1" 200 2
[19/Sep/2026 17:27:05] "GET /api/standards/ HTTP/1.1" 200 4546
[19/Sep/2026 17:27:06] "GET /api/categories/ HTTP/1.1" 200 2110
[19/Sep/2026 17:27:09] "GET /api/notifications/ HTTP/1.1" 200 2
[19/Sep/2026 17:27:09] "GET /api/standards/ HTTP/1.1" 200 4546
[19/Sep/2026 17:27:09] "GET /api/rating-categories/ HTTP/1.1" 200 1176
[19/Sep/2026 17:27:10] "GET /api/companies/ HTTP/1.1" 200 117740
[19/Sep/2026 17:27:10] "GET /api/companies/all-standards/ HTTP/1.1" 200 42484
[19/Sep/2026 17:27:11] "GET /api/notifications/ HTTP/1.1" 200 2
[19/Sep/2026 17:27:11] "GET /api/standards/ HTTP/1.1" 200 4546
[19/Sep/2026 17:27:11] "GET /api/rating-categories/ HTTP/1.1" 200 1176
[19/Sep/2026 17:27:11] "GET /api/companies/ HTTP/1.1" 200 117740
[19/Sep/2026 17:27:12] "GET /api/companies/all-standards/ HTTP/1.1" 200 42484
[19/Sep/2026 17:27:14] "GET /api/notifications/ HTTP/1.1" 200 2
[19/Sep/2026 17:27:14] "GET /api/standards/ HTTP/1.1" 200 4546
[19/Sep/2026 17:27:14] "GET /api/companies/ HTTP/1.1" 200 117740
[19/Sep/2026 17:27:14] "GET /api/platform-stats/ HTTP/1.1" 200 104
[19/Sep/2026 17:27:15] "GET /api/reviews/?sort_by=newest&limit=200 HTTP/1.1" 200 195841
[19/Sep/2026 17:27:15] "GET /api/standards/ HTTP/1.1" 200 4546
[19/Sep/2026 17:27:15] "GET /api/notifications/ HTTP/1.1" 200 2
[19/Sep/2026 17:27:16] "GET /api/companies/ HTTP/1.1" 200 117740
[19/Sep/2026 17:27:16] "GET /api/platform-stats/ HTTP/1.1" 200 104
[19/Sep/2026 17:27:17] "GET /api/reviews/?sort_by=newest&limit=200 HTTP/1.1" 200 195841
[19/Sep/2026 17:27:21] "GET /api/notifications/ HTTP/1.1" 200 2
[19/Sep/2026 17:27:23] "GET /api/notifications/ HTTP/1.1" 200 2
[19/Sep/2026 17:27:41] "GET /api/notifications/ HTTP/1.1" 200 2
[19/Sep/2026 17:27:47] "GET /api/review-sources/ HTTP/1.1" 200 299
[19/Sep/2026 17:27:48] "GET /api/notifications/ HTTP/1.1" 200 2
[19/Sep/2026 17:27:48] "GET /api/standards/ HTTP/1.1" 200 4546
[19/Sep/2026 17:27:48] "GET /api/companies/?category=sales-marketing HTTP/1.1" 200 35311
[19/Sep/2026 17:27:48] "GET /api/companies/?category=leadership-management HTTP/1.1" 200 93592
[19/Sep/2026 17:27:48] "GET /api/platform-stats/ HTTP/1.1" 200 104
[19/Sep/2026 17:27:49] "GET /api/notifications/ HTTP/1.1" 200 2
[19/Sep/2026 17:27:49] "GET /api/review-sources/ HTTP/1.1" 200 299
[19/Sep/2026 17:27:49] "GET /api/standards/ HTTP/1.1" 200 4546
[19/Sep/2026 17:27:49] "GET /api/companies/?category=sales-marketing HTTP/1.1" 200 35311
[19/Sep/2026 17:27:50] "GET /api/companies/?category=leadership-management HTTP/1.1" 200 93592
[19/Sep/2026 17:27:50] "GET /api/platform-stats/ HTTP/1.1" 200 104
[19/Sep/2026 17:27:50] "GET /api/standards/ HTTP/1.1" 200 4546
[19/Sep/2026 17:27:52] "GET /api/standards/ HTTP/1.1" 200 4546
[19/Sep/2026 17:27:52] "GET /api/companies/?category=sales-marketing&sort_by=reviews HTTP/1.1" 200 35311
[19/Sep/2026 17:27:52] "GET /api/companies/?category=leadership-management&sort_by=reviews HTTP/1.1" 200 93592
[19/Sep/2026 17:27:54] "GET /api/companies/ HTTP/1.1" 200 117740
[19/Sep/2026 17:27:54] "GET /api/reviews/?sort_by=newest&limit=9 HTTP/1.1" 200 9940
[19/Sep/2026 17:27:56] "GET /api/competitors/ HTTP/1.1" 200 206291
[19/Sep/2026 17:27:58] "GET /api/notifications/ HTTP/1.1" 200 2
[19/Sep/2026 17:27:58] "GET /api/companies/apprentify/ HTTP/1.1" 200 544
[19/Sep/2026 17:28:00] "GET /api/companies/apprentify/ HTTP/1.1" 200 544
[19/Sep/2026 17:28:00] "GET /api/notifications/ HTTP/1.1" 200 2
[19/Sep/2026 17:28:01] "GET /api/standards/ HTTP/1.1" 200 4546
[19/Sep/2026 17:28:01] "GET /api/rating-categories/ HTTP/1.1" 200 1176
[19/Sep/2026 17:28:01] "GET /api/saved-providers/ HTTP/1.1" 200 2
[19/Sep/2026 17:28:02] "GET /api/companies/apprentify/standards/ HTTP/1.1" 200 167
[19/Sep/2026 17:28:02] "GET /api/companies/apprentify/rating-summary/ HTTP/1.1" 200 159
[19/Sep/2026 17:28:02] "GET /api/reviews/?limit=200&company=apprentify HTTP/1.1" 200 190956
[19/Sep/2026 17:28:18] "GET /api/notifications/ HTTP/1.1" 200 2
[19/Sep/2026 17:28:38] "GET /api/notifications/ HTTP/1.1" 200 2
[19/Sep/2026 17:28:58] "GET /api/notifications/ HTTP/1.1" 200 2
[19/Sep/2026 17:29:18] "GET /api/notifications/ HTTP/1.1" 200 2
[19/Sep/2026 17:29:38] "GET /api/notifications/ HTTP/1.1" 200 2
[19/Sep/2026 17:29:54] "GET /api/notifications/ HTTP/1.1" 200 2
[19/Sep/2026 17:29:54] "GET /api/review-sources/ HTTP/1.1" 200 299
[19/Sep/2026 17:29:54] "GET /api/standards/ HTTP/1.1" 200 4546
[19/Sep/2026 17:29:54] "GET /api/companies/?category=sales-marketing HTTP/1.1" 200 35311
[19/Sep/2026 17:29:55] "GET /api/companies/?category=leadership-management HTTP/1.1" 200 93592
[19/Sep/2026 17:29:55] "GET /api/platform-stats/ HTTP/1.1" 200 104
[19/Sep/2026 17:29:56] "GET /api/standards/ HTTP/1.1" 200 4546
[19/Sep/2026 17:29:56] "GET /api/notifications/ HTTP/1.1" 200 2
[19/Sep/2026 17:29:56] "GET /api/review-sources/ HTTP/1.1" 200 299
[19/Sep/2026 17:29:56] "GET /api/companies/?category=sales-marketing HTTP/1.1" 200 35311
[19/Sep/2026 17:29:56] "GET /api/companies/?category=leadership-management HTTP/1.1" 200 93592
[19/Sep/2026 17:29:56] "GET /api/platform-stats/ HTTP/1.1" 200 104
[19/Sep/2026 17:29:57] "GET /api/standards/ HTTP/1.1" 200 4546
[19/Sep/2026 17:29:59] "GET /api/standards/ HTTP/1.1" 200 4546
[19/Sep/2026 17:29:59] "GET /api/companies/?category=sales-marketing&sort_by=reviews HTTP/1.1" 200 35311
[19/Sep/2026 17:29:59] "GET /api/companies/?category=leadership-management&sort_by=reviews HTTP/1.1" 200 93592
[19/Sep/2026 17:30:01] "GET /api/companies/ HTTP/1.1" 200 117740
[19/Sep/2026 17:30:01] "GET /api/reviews/?sort_by=newest&limit=9 HTTP/1.1" 200 9940
[19/Sep/2026 17:30:02] "GET /api/competitors/ HTTP/1.1" 200 206291
[19/Sep/2026 17:30:04] "GET /api/notifications/ HTTP/1.1" 200 2
[19/Sep/2026 17:30:04] "GET /api/companies/ginger-nut-training/ HTTP/1.1" 200 626
[19/Sep/2026 17:30:05] "GET /api/notifications/ HTTP/1.1" 200 2
[19/Sep/2026 17:30:05] "GET /api/companies/ginger-nut-training/ HTTP/1.1" 200 626
[19/Sep/2026 17:30:07] "GET /api/saved-providers/ HTTP/1.1" 200 2
[19/Sep/2026 17:30:07] "GET /api/standards/ HTTP/1.1" 200 4546
[19/Sep/2026 17:30:07] "GET /api/rating-categories/ HTTP/1.1" 200 1176
[19/Sep/2026 17:30:07] "GET /api/companies/ginger-nut-training/standards/ HTTP/1.1" 200 357
[19/Sep/2026 17:30:08] "GET /api/companies/ginger-nut-training/rating-summary/ HTTP/1.1" 200 167
[19/Sep/2026 17:30:08] "GET /api/reviews/?limit=200&company=ginger-nut-training HTTP/1.1" 200 167265
[19/Sep/2026 17:30:24] "GET /api/notifications/ HTTP/1.1" 200 2
[19/Sep/2026 17:30:28] "GET /api/standards/ HTTP/1.1" 200 4546
[19/Sep/2026 17:30:28] "GET /api/notifications/ HTTP/1.1" 200 2
[19/Sep/2026 17:30:28] "GET /api/review-sources/ HTTP/1.1" 200 299
[19/Sep/2026 17:30:29] "GET /api/companies/?category=sales-marketing HTTP/1.1" 200 35311
[19/Sep/2026 17:30:29] "GET /api/companies/?category=leadership-management HTTP/1.1" 200 93592
[19/Sep/2026 17:30:29] "GET /api/platform-stats/ HTTP/1.1" 200 104
[19/Sep/2026 17:30:30] "GET /api/standards/ HTTP/1.1" 200 4546
[19/Sep/2026 17:30:30] "GET /api/review-sources/ HTTP/1.1" 200 299
[19/Sep/2026 17:30:30] "GET /api/notifications/ HTTP/1.1" 200 2
[19/Sep/2026 17:30:30] "GET /api/companies/?category=sales-marketing HTTP/1.1" 200 35311
[19/Sep/2026 17:30:31] "GET /api/companies/?category=leadership-management HTTP/1.1" 200 93592
[19/Sep/2026 17:30:31] "GET /api/platform-stats/ HTTP/1.1" 200 104
[19/Sep/2026 17:30:31] "GET /api/standards/ HTTP/1.1" 200 4546
[19/Sep/2026 17:30:33] "GET /api/standards/ HTTP/1.1" 200 4546
[19/Sep/2026 17:30:33] "GET /api/companies/?category=sales-marketing&sort_by=reviews HTTP/1.1" 200 35311
[19/Sep/2026 17:30:33] "GET /api/companies/?category=leadership-management&sort_by=reviews HTTP/1.1" 200 93592
[19/Sep/2026 17:30:36] "GET /api/reviews/?sort_by=newest&limit=9 HTTP/1.1" 200 9940
[19/Sep/2026 17:30:38] "GET /api/companies/ HTTP/1.1" 200 117740
[19/Sep/2026 17:30:39] "GET /api/competitors/ HTTP/1.1" 200 206291
[19/Sep/2026 17:30:49] "GET /api/notifications/ HTTP/1.1" 200 2
[19/Sep/2026 17:31:09] "GET /api/notifications/ HTTP/1.1" 200 2
[19/Sep/2026 17:31:29] "GET /api/notifications/ HTTP/1.1" 200 2
[19/Sep/2026 17:31:49] "GET /api/notifications/ HTTP/1.1" 200 2
[19/Sep/2026 17:32:09] "GET /api/notifications/ HTTP/1.1" 200 2
[19/Sep/2026 17:32:29] "GET /api/notifications/ HTTP/1.1" 200 2
[19/Sep/2026 17:32:39] "GET /api/auth/csrf/ HTTP/1.1" 200 108
[19/Sep/2026 17:32:39] "GET /api/auth/csrf/ HTTP/1.1" 200 108
[19/Sep/2026 17:32:40] "GET /api/standards/ HTTP/1.1" 200 4546
[19/Sep/2026 17:32:40] "GET /api/standards/ HTTP/1.1" 200 4546
[19/Sep/2026 17:32:40] "GET /api/companies/?category=sales-marketing HTTP/1.1" 200 35311
[19/Sep/2026 17:32:40] "GET /api/companies/?category=leadership-management HTTP/1.1" 200 93592
[19/Sep/2026 17:32:43] "GET /api/review-sources/ HTTP/1.1" 200 299
[19/Sep/2026 17:32:44] "GET /api/standards/ HTTP/1.1" 200 4546
[19/Sep/2026 17:32:44] "GET /api/platform-stats/ HTTP/1.1" 200 104
[19/Sep/2026 17:32:44] "GET /api/companies/?category=sales-marketing HTTP/1.1" 200 35311
[19/Sep/2026 17:32:44] "GET /api/standards/ HTTP/1.1" 200 4546
[19/Sep/2026 17:32:44] "GET /api/companies/?category=leadership-management HTTP/1.1" 200 93592
[19/Sep/2026 17:32:45] "GET /api/review-sources/ HTTP/1.1" 200 299
[19/Sep/2026 17:32:45] "GET /api/auth/me/ HTTP/1.1" 200 147
[19/Sep/2026 17:32:45] "GET /api/auth/me/ HTTP/1.1" 200 147
[19/Sep/2026 17:32:46] "GET /api/platform-stats/ HTTP/1.1" 200 104
[19/Sep/2026 17:32:46] "GET /api/companies/?category=sales-marketing&sort_by=reviews HTTP/1.1" 200 35311
[19/Sep/2026 17:32:46] "GET /api/companies/?category=leadership-management&sort_by=reviews HTTP/1.1" 200 93592
[19/Sep/2026 17:32:47] "GET /api/notifications/ HTTP/1.1" 200 2
[19/Sep/2026 17:32:48] "GET /api/companies/ HTTP/1.1" 200 117740
[19/Sep/2026 17:32:48] "GET /api/notifications/ HTTP/1.1" 200 2
[19/Sep/2026 17:32:48] "GET /api/reviews/?sort_by=newest&limit=9 HTTP/1.1" 200 9940
[19/Sep/2026 17:32:50] "GET /api/competitors/ HTTP/1.1" 200 206291
[19/Sep/2026 17:33:07] "GET /api/notifications/ HTTP/1.1" 200 2
[19/Sep/2026 17:33:27] "GET /api/notifications/ HTTP/1.1" 200 2
[19/Sep/2026 17:33:47] "GET /api/notifications/ HTTP/1.1" 200 2
[19/Sep/2026 17:34:07] "GET /api/notifications/ HTTP/1.1" 200 2
[19/Sep/2026 17:34:27] "GET /api/notifications/ HTTP/1.1" 200 2
[19/Sep/2026 17:34:47] "GET /api/notifications/ HTTP/1.1" 200 2
[19/Sep/2026 17:35:07] "GET /api/notifications/ HTTP/1.1" 200 2
[19/Sep/2026 17:35:27] "GET /api/notifications/ HTTP/1.1" 200 2
[19/Sep/2026 17:35:47] "GET /api/notifications/ HTTP/1.1" 200 2
[19/Sep/2026 17:36:07] "GET /api/notifications/ HTTP/1.1" 200 2
[19/Sep/2026 17:36:47] "GET /api/notifications/ HTTP/1.1" 200 2
[19/Sep/2026 17:37:47] "GET /api/notifications/ HTTP/1.1" 200 2
[19/Sep/2026 17:38:48] "GET /api/notifications/ HTTP/1.1" 200 2
[19/Sep/2026 17:39:47] "GET /api/notifications/ HTTP/1.1" 200 2
[19/Sep/2026 17:40:48] "GET /api/notifications/ HTTP/1.1" 200 2
[19/Sep/2026 17:41:47] "GET /api/notifications/ HTTP/1.1" 200 2
[19/Sep/2026 17:42:47] "GET /api/notifications/ HTTP/1.1" 200 2
[19/Sep/2026 17:43:07] "GET /api/notifications/ HTTP/1.1" 200 2
[19/Sep/2026 17:43:18] "POST /api/chatbot/message/ HTTP/1.1" 200 326
[19/Sep/2026 17:43:26] "GET /api/notifications/ HTTP/1.1" 200 2
[19/Sep/2026 17:43:26] "GET /api/standards/ HTTP/1.1" 200 4546
[19/Sep/2026 17:43:26] "GET /api/categories/ HTTP/1.1" 200 2110
[19/Sep/2026 17:43:26] "GET /api/rating-categories/ HTTP/1.1" 200 1176
[19/Sep/2026 17:43:27] "GET /api/companies/ HTTP/1.1" 200 117735
[19/Sep/2026 17:43:27] "GET /api/companies/all-standards/ HTTP/1.1" 200 42484
[19/Sep/2026 17:43:27] "GET /api/notifications/ HTTP/1.1" 200 2
[19/Sep/2026 17:43:27] "GET /api/standards/ HTTP/1.1" 200 4546
[19/Sep/2026 17:43:28] "GET /api/categories/ HTTP/1.1" 200 2110
[19/Sep/2026 17:43:28] "GET /api/rating-categories/ HTTP/1.1" 200 1176
[19/Sep/2026 17:43:29] "GET /api/companies/ HTTP/1.1" 200 117735
[19/Sep/2026 17:43:29] "GET /api/notifications/ HTTP/1.1" 200 2
[19/Sep/2026 17:43:29] "GET /api/standards/ HTTP/1.1" 200 4546
[19/Sep/2026 17:43:29] "GET /api/companies/?category=sales-marketing HTTP/1.1" 200 35311
[19/Sep/2026 17:43:29] "GET /api/companies/all-standards/ HTTP/1.1" 200 42484
[19/Sep/2026 17:43:30] "GET /api/companies/?category=leadership-management HTTP/1.1" 200 93587
[19/Sep/2026 17:43:30] "GET /api/review-sources/ HTTP/1.1" 200 299
[19/Sep/2026 17:43:30] "GET /api/notifications/ HTTP/1.1" 200 2
[19/Sep/2026 17:43:31] "GET /api/platform-stats/ HTTP/1.1" 200 104
[19/Sep/2026 17:43:31] "GET /api/standards/ HTTP/1.1" 200 4546
[19/Sep/2026 17:43:31] "GET /api/companies/?category=sales-marketing HTTP/1.1" 200 35311
[19/Sep/2026 17:43:31] "GET /api/companies/?category=leadership-management HTTP/1.1" 200 93587
[19/Sep/2026 17:43:32] "GET /api/review-sources/ HTTP/1.1" 200 299
[19/Sep/2026 17:43:32] "GET /api/notifications/ HTTP/1.1" 200 2
[19/Sep/2026 17:43:32] "GET /api/standards/ HTTP/1.1" 200 4546
[19/Sep/2026 17:43:33] "GET /api/platform-stats/ HTTP/1.1" 200 104
[19/Sep/2026 17:43:33] "GET /api/notifications/ HTTP/1.1" 200 2
[19/Sep/2026 17:43:34] "GET /api/standards/ HTTP/1.1" 200 4546
[19/Sep/2026 17:43:36] "GET /api/standards/ HTTP/1.1" 200 4546
[19/Sep/2026 17:43:38] "GET /api/standards/ HTTP/1.1" 200 4546
[19/Sep/2026 17:43:38] "GET /api/companies/?category=sales-marketing&sort_by=reviews HTTP/1.1" 200 35311
[19/Sep/2026 17:43:38] "GET /api/companies/?category=leadership-management&sort_by=reviews HTTP/1.1" 200 93587
[19/Sep/2026 17:43:40] "GET /api/companies/ HTTP/1.1" 200 117735
[19/Sep/2026 17:43:40] "GET /api/reviews/?sort_by=newest&limit=9 HTTP/1.1" 200 9940
[19/Sep/2026 17:43:41] "GET /api/competitors/ HTTP/1.1" 200 206291
[19/Sep/2026 17:43:49] "GET /api/notifications/ HTTP/1.1" 200 2
[19/Sep/2026 17:44:09] "GET /api/notifications/ HTTP/1.1" 200 2
[19/Sep/2026 17:44:29] "GET /api/notifications/ HTTP/1.1" 200 2
[19/Sep/2026 17:44:49] "GET /api/notifications/ HTTP/1.1" 200 2
[19/Sep/2026 17:45:09] "GET /api/notifications/ HTTP/1.1" 200 2
[19/Sep/2026 17:45:29] "GET /api/notifications/ HTTP/1.1" 200 2
[19/Sep/2026 17:45:49] "GET /api/notifications/ HTTP/1.1" 200 2
[19/Sep/2026 17:46:01] "GET /api/auth/csrf/ HTTP/1.1" 200 108
[19/Sep/2026 17:46:01] "GET /api/auth/csrf/ HTTP/1.1" 200 108
[19/Sep/2026 17:46:02] "GET /api/standards/ HTTP/1.1" 200 4546
[19/Sep/2026 17:46:02] "GET /api/standards/ HTTP/1.1" 200 4546
[19/Sep/2026 17:46:02] "GET /api/companies/?category=sales-marketing HTTP/1.1" 200 35311
[19/Sep/2026 17:46:02] "GET /api/companies/?category=leadership-management HTTP/1.1" 200 93658
[19/Sep/2026 17:46:03] "GET /api/review-sources/ HTTP/1.1" 200 299
[19/Sep/2026 17:46:03] "GET /api/standards/ HTTP/1.1" 200 4546
[19/Sep/2026 17:46:03] "GET /api/platform-stats/ HTTP/1.1" 200 104
[19/Sep/2026 17:46:03] "GET /api/companies/?category=sales-marketing HTTP/1.1" 200 35311
[19/Sep/2026 17:46:03] "GET /api/standards/ HTTP/1.1" 200 4546
[19/Sep/2026 17:46:04] "GET /api/companies/?category=leadership-management HTTP/1.1" 200 93658
[19/Sep/2026 17:46:04] "GET /api/review-sources/ HTTP/1.1" 200 299
[19/Sep/2026 17:46:04] "GET /api/auth/me/ HTTP/1.1" 200 147
[19/Sep/2026 17:46:05] "GET /api/platform-stats/ HTTP/1.1" 200 104
[19/Sep/2026 17:46:05] "GET /api/companies/?category=sales-marketing&sort_by=reviews HTTP/1.1" 200 35311
[19/Sep/2026 17:46:05] "GET /api/companies/?category=leadership-management&sort_by=reviews HTTP/1.1" 200 93658
[19/Sep/2026 17:46:06] "GET /api/auth/me/ HTTP/1.1" 200 147
[19/Sep/2026 17:46:06] "GET /api/notifications/ HTTP/1.1" 200 2
[19/Sep/2026 17:46:07] "GET /api/companies/ HTTP/1.1" 200 117806
[19/Sep/2026 17:46:07] "GET /api/reviews/?sort_by=newest&limit=9 HTTP/1.1" 200 9940
[19/Sep/2026 17:46:07] "GET /api/notifications/ HTTP/1.1" 200 2
[19/Sep/2026 17:46:09] "GET /api/competitors/ HTTP/1.1" 200 206291
[19/Sep/2026 17:46:22] "GET /api/auth/csrf/ HTTP/1.1" 200 108
[19/Sep/2026 17:46:22] "GET /api/review-sources/ HTTP/1.1" 200 299
[19/Sep/2026 17:46:22] "GET /api/standards/ HTTP/1.1" 200 4546
[19/Sep/2026 17:46:22] "GET /api/companies/?category=sales-marketing HTTP/1.1" 200 35311
[19/Sep/2026 17:46:23] "GET /api/platform-stats/ HTTP/1.1" 200 104
[19/Sep/2026 17:46:23] "GET /api/companies/?category=leadership-management HTTP/1.1" 200 93658
[19/Sep/2026 17:46:23] "GET /api/auth/csrf/ HTTP/1.1" 200 108
[19/Sep/2026 17:46:23] "GET /api/auth/me/ HTTP/1.1" 200 147
[19/Sep/2026 17:46:24] "GET /api/review-sources/ HTTP/1.1" 200 299
[19/Sep/2026 17:46:24] "GET /api/standards/ HTTP/1.1" 200 4546
[19/Sep/2026 17:46:24] "GET /api/companies/?category=sales-marketing HTTP/1.1" 200 35311
[19/Sep/2026 17:46:24] "GET /api/platform-stats/ HTTP/1.1" 200 104
[19/Sep/2026 17:46:25] "GET /api/companies/?category=leadership-management HTTP/1.1" 200 93658
[19/Sep/2026 17:46:25] "GET /api/auth/me/ HTTP/1.1" 200 147
[19/Sep/2026 17:46:25] "GET /api/notifications/ HTTP/1.1" 200 2
[19/Sep/2026 17:46:25] "GET /api/standards/ HTTP/1.1" 200 4546
[19/Sep/2026 17:46:27] "GET /api/auth/csrf/ HTTP/1.1" 200 108
[19/Sep/2026 17:46:28] "GET /api/standards/ HTTP/1.1" 200 4546
[19/Sep/2026 17:46:28] "GET /api/review-sources/ HTTP/1.1" 200 299
[19/Sep/2026 17:46:28] "GET /api/companies/?category=sales-marketing HTTP/1.1" 200 35311
[19/Sep/2026 17:46:28] "GET /api/companies/?category=leadership-management HTTP/1.1" 200 93658
[19/Sep/2026 17:46:28] "GET /api/platform-stats/ HTTP/1.1" 200 104
[19/Sep/2026 17:46:28] "GET /api/auth/csrf/ HTTP/1.1" 200 108
[19/Sep/2026 17:46:29] "GET /api/auth/me/ HTTP/1.1" 200 147
[19/Sep/2026 17:46:29] "GET /api/standards/ HTTP/1.1" 200 4546
[19/Sep/2026 17:46:29] "GET /api/review-sources/ HTTP/1.1" 200 299
[19/Sep/2026 17:46:30] "GET /api/companies/?category=sales-marketing HTTP/1.1" 200 35311
[19/Sep/2026 17:46:31] "GET /api/auth/csrf/ HTTP/1.1" 200 108
[19/Sep/2026 17:46:32] "GET /api/standards/ HTTP/1.1" 200 4546
[19/Sep/2026 17:46:33] "GET /api/auth/csrf/ HTTP/1.1" 200 108
[19/Sep/2026 17:46:34] "GET /api/review-sources/ HTTP/1.1" 200 299
[19/Sep/2026 17:46:34] "GET /api/standards/ HTTP/1.1" 200 4546
[19/Sep/2026 17:46:34] "GET /api/companies/?category=sales-marketing HTTP/1.1" 200 35311
[19/Sep/2026 17:46:34] "GET /api/companies/?category=leadership-management HTTP/1.1" 200 93658
[19/Sep/2026 17:46:34] "GET /api/platform-stats/ HTTP/1.1" 200 104
[19/Sep/2026 17:46:34] "GET /api/auth/csrf/ HTTP/1.1" 200 108
[19/Sep/2026 17:46:35] "GET /api/auth/me/ HTTP/1.1" 200 147
[19/Sep/2026 17:46:35] "GET /api/review-sources/ HTTP/1.1" 200 299
[19/Sep/2026 17:46:35] "GET /api/standards/ HTTP/1.1" 200 4546
[19/Sep/2026 17:46:35] "GET /api/companies/?category=sales-marketing HTTP/1.1" 200 35311
[19/Sep/2026 17:46:36] "GET /api/companies/?category=leadership-management HTTP/1.1" 200 93658
[19/Sep/2026 17:46:36] "GET /api/auth/me/ HTTP/1.1" 200 147
[19/Sep/2026 17:46:36] "GET /api/platform-stats/ HTTP/1.1" 200 104
[19/Sep/2026 17:46:36] "GET /api/notifications/ HTTP/1.1" 200 2
[19/Sep/2026 17:46:37] "GET /api/standards/ HTTP/1.1" 200 4546
[19/Sep/2026 17:46:38] "GET /api/notifications/ HTTP/1.1" 200 2
[19/Sep/2026 17:46:38] "GET /api/standards/ HTTP/1.1" 200 4546
[19/Sep/2026 17:46:39] "GET /api/companies/?category=sales-marketing&sort_by=reviews HTTP/1.1" 200 35311
[19/Sep/2026 17:46:40] "GET /api/companies/?category=leadership-management&sort_by=reviews HTTP/1.1" 200 93658
[19/Sep/2026 17:46:42] "GET /api/companies/ HTTP/1.1" 200 117806
[19/Sep/2026 17:46:42] "GET /api/reviews/?sort_by=newest&limit=9 HTTP/1.1" 200 9940
[19/Sep/2026 17:46:44] "GET /api/competitors/ HTTP/1.1" 200 206291
[19/Sep/2026 17:46:58] "GET /api/notifications/ HTTP/1.1" 200 2
[19/Sep/2026 17:47:05] "GET /api/auth/csrf/ HTTP/1.1" 200 108
[19/Sep/2026 17:47:05] "GET /api/auth/csrf/ HTTP/1.1" 200 108
[19/Sep/2026 17:47:06] "GET /api/standards/ HTTP/1.1" 200 4546
[19/Sep/2026 17:47:06] "GET /api/standards/ HTTP/1.1" 200 4546
[19/Sep/2026 17:47:07] "GET /api/companies/?category=sales-marketing HTTP/1.1" 200 35311
[19/Sep/2026 17:47:07] "GET /api/review-sources/ HTTP/1.1" 200 299
[19/Sep/2026 17:47:07] "GET /api/standards/ HTTP/1.1" 200 4546
[19/Sep/2026 17:47:07] "GET /api/platform-stats/ HTTP/1.1" 200 104
[19/Sep/2026 17:47:07] "GET /api/companies/?category=leadership-management HTTP/1.1" 200 93658
[19/Sep/2026 17:47:08] "GET /api/companies/?category=sales-marketing HTTP/1.1" 200 35311
[19/Sep/2026 17:47:08] "GET /api/standards/ HTTP/1.1" 200 4546
[19/Sep/2026 17:47:08] "GET /api/companies/?category=leadership-management HTTP/1.1" 200 93658
[19/Sep/2026 17:47:09] "GET /api/review-sources/ HTTP/1.1" 200 299
[19/Sep/2026 17:47:09] "GET /api/auth/me/ HTTP/1.1" 200 147
[19/Sep/2026 17:47:09] "GET /api/auth/me/ HTTP/1.1" 200 147
[19/Sep/2026 17:47:09] "GET /api/platform-stats/ HTTP/1.1" 200 104
[19/Sep/2026 17:47:10] "GET /api/companies/?category=sales-marketing&sort_by=reviews HTTP/1.1" 200 35311
[19/Sep/2026 17:47:10] "GET /api/notifications/ HTTP/1.1" 200 2
[19/Sep/2026 17:47:10] "GET /api/companies/?category=leadership-management&sort_by=reviews HTTP/1.1" 200 93658
[19/Sep/2026 17:47:12] "GET /api/notifications/ HTTP/1.1" 200 2
[19/Sep/2026 17:47:12] "GET /api/companies/ HTTP/1.1" 200 117806
[19/Sep/2026 17:47:12] "GET /api/reviews/?sort_by=newest&limit=9 HTTP/1.1" 200 9940
[19/Sep/2026 17:47:14] "GET /api/competitors/ HTTP/1.1" 200 206291
[19/Sep/2026 17:47:31] "GET /api/notifications/ HTTP/1.1" 200 2
[19/Sep/2026 17:47:50] "GET /api/notifications/ HTTP/1.1" 200 2
[19/Sep/2026 17:48:10] "GET /api/notifications/ HTTP/1.1" 200 2
[19/Sep/2026 17:48:31] "GET /api/notifications/ HTTP/1.1" 200 2
[19/Sep/2026 17:48:50] "GET /api/notifications/ HTTP/1.1" 200 2
[19/Sep/2026 17:49:01] "GET /api/auth/csrf/ HTTP/1.1" 200 108
[19/Sep/2026 17:49:01] "GET /api/auth/csrf/ HTTP/1.1" 200 108
[19/Sep/2026 17:49:01] "GET /api/review-sources/ HTTP/1.1" 200 299
[19/Sep/2026 17:49:01] "GET /api/standards/ HTTP/1.1" 200 4546
[19/Sep/2026 17:49:02] "GET /api/companies/?category=sales-marketing HTTP/1.1" 200 35311
[19/Sep/2026 17:49:02] "GET /api/companies/?category=leadership-management HTTP/1.1" 200 93658
[19/Sep/2026 17:49:03] "GET /api/companies/?category=sales-marketing HTTP/1.1" 200 35311
[19/Sep/2026 17:49:03] "GET /api/platform-stats/ HTTP/1.1" 200 104
[19/Sep/2026 17:49:03] "GET /api/standards/ HTTP/1.1" 200 4546
[19/Sep/2026 17:49:03] "GET /api/review-sources/ HTTP/1.1" 200 299
[19/Sep/2026 17:49:03] "GET /api/companies/?category=leadership-management HTTP/1.1" 200 93658
[19/Sep/2026 17:49:04] "GET /api/platform-stats/ HTTP/1.1" 200 104
[19/Sep/2026 17:49:04] "GET /api/companies/?category=sales-marketing&sort_by=reviews HTTP/1.1" 200 35311
[19/Sep/2026 17:49:04] "GET /api/auth/me/ HTTP/1.1" 200 147
[19/Sep/2026 17:49:05] "GET /api/companies/?category=leadership-management&sort_by=reviews HTTP/1.1" 200 93658
[19/Sep/2026 17:49:06] "GET /api/auth/me/ HTTP/1.1" 200 147
[19/Sep/2026 17:49:06] "GET /api/notifications/ HTTP/1.1" 200 2
[19/Sep/2026 17:49:06] "GET /api/companies/ HTTP/1.1" 200 117806
[19/Sep/2026 17:49:06] "GET /api/reviews/?sort_by=newest&limit=9 HTTP/1.1" 200 9940
[19/Sep/2026 17:49:07] "GET /api/notifications/ HTTP/1.1" 200 2
[19/Sep/2026 17:49:08] "GET /api/competitors/ HTTP/1.1" 200 206291
C:\apprentice\backend\catalog\views.py changed, reloading.
Performing system checks...

System check identified no issues (0 silenced).
September 19, 2026 - 14:59:24
Django version 6.1.1, using settings 'config.settings'
Starting WSGI development server at http://127.0.0.1:8000/
Quit the server with CTRL-BREAK.

WARNING: This is a development server. Do not use it in a production setting. Use a production WSGI or ASGI server instead.
For more information on production servers see: https://docs.djangoproject.com/en/6.1/howto/deployment/
Watching for file changes with StatReloader
[19/Sep/2026 17:49:47] "GET /api/notifications/ HTTP/1.1" 200 2
[19/Sep/2026 17:50:01] "GET /api/platform-stats/ HTTP/1.1" 200 123
[19/Sep/2026 17:50:02] "GET /api/platform-stats/ HTTP/1.1" 200 123
[19/Sep/2026 17:50:07] "GET /api/notifications/ HTTP/1.1" 200 2
[19/Sep/2026 17:50:27] "GET /api/notifications/ HTTP/1.1" 200 2
[19/Sep/2026 17:50:47] "GET /api/notifications/ HTTP/1.1" 200 2
[19/Sep/2026 17:51:07] "GET /api/notifications/ HTTP/1.1" 200 2
[19/Sep/2026 17:51:27] "GET /api/notifications/ HTTP/1.1" 200 2
[19/Sep/2026 17:51:47] "GET /api/notifications/ HTTP/1.1" 200 2
[19/Sep/2026 17:52:07] "GET /api/notifications/ HTTP/1.1" 200 2
C:\apprentice\backend\catalog\views.py changed, reloading.
Performing system checks...

System check identified no issues (0 silenced).
September 19, 2026 - 17:49:27
Django version 6.1.1, using settings 'config.settings'
Starting WSGI development server at http://127.0.0.1:8000/
Quit the server with CTRL-BREAK.

WARNING: This is a development server. Do not use it in a production setting. Use a production WSGI or ASGI server instead.
For more information on production servers see: https://docs.djangoproject.com/en/6.1/howto/deployment/
Watching for file changes with StatReloader
[19/Sep/2026 17:52:24] "GET /api/standards/ HTTP/1.1" 200 4546
[19/Sep/2026 17:52:27] "GET /api/notifications/ HTTP/1.1" 200 2
[19/Sep/2026 17:52:47] "GET /api/notifications/ HTTP/1.1" 200 2
[19/Sep/2026 17:53:07] "GET /api/notifications/ HTTP/1.1" 200 2
[19/Sep/2026 17:53:27] "GET /api/notifications/ HTTP/1.1" 200 2
[19/Sep/2026 17:53:47] "GET /api/notifications/ HTTP/1.1" 200 2
[19/Sep/2026 17:53:50] "GET /api/auth/csrf/ HTTP/1.1" 200 108
[19/Sep/2026 17:53:50] "GET /api/review-sources/ HTTP/1.1" 200 299
[19/Sep/2026 17:53:50] "GET /api/standards/ HTTP/1.1" 200 4546
[19/Sep/2026 17:53:50] "GET /api/companies/?category=sales-marketing HTTP/1.1" 200 35311
[19/Sep/2026 17:53:51] "GET /api/platform-stats/ HTTP/1.1" 200 104
[19/Sep/2026 17:53:51] "GET /api/companies/?category=leadership-management HTTP/1.1" 200 93658
[19/Sep/2026 17:53:51] "GET /api/companies/?category=sales-marketing&sort_by=reviews HTTP/1.1" 200 35311
[19/Sep/2026 17:53:51] "GET /api/auth/csrf/ HTTP/1.1" 200 108
[19/Sep/2026 17:53:52] "GET /api/auth/me/ HTTP/1.1" 200 147
[19/Sep/2026 17:53:52] "GET /api/companies/?category=leadership-management&sort_by=reviews HTTP/1.1" 200 93658
[19/Sep/2026 17:53:52] "GET /api/review-sources/ HTTP/1.1" 200 299
[19/Sep/2026 17:53:52] "GET /api/standards/ HTTP/1.1" 200 4546
[19/Sep/2026 17:53:53] "GET /api/companies/?category=sales-marketing HTTP/1.1" 200 35311
[19/Sep/2026 17:53:53] "GET /api/auth/me/ HTTP/1.1" 200 147
[19/Sep/2026 17:53:53] "GET /api/companies/?category=leadership-management HTTP/1.1" 200 93658
[19/Sep/2026 17:53:53] "GET /api/platform-stats/ HTTP/1.1" 200 104
[19/Sep/2026 17:53:53] "GET /api/notifications/ HTTP/1.1" 200 2
[19/Sep/2026 17:53:54] "GET /api/reviews/?sort_by=newest&limit=9 HTTP/1.1" 200 9940
[19/Sep/2026 17:53:55] "GET /api/companies/ HTTP/1.1" 200 117806
[19/Sep/2026 17:53:55] "GET /api/notifications/ HTTP/1.1" 200 2
[19/Sep/2026 17:53:56] "GET /api/competitors/ HTTP/1.1" 200 206291
[19/Sep/2026 17:54:07] "GET /api/auth/csrf/ HTTP/1.1" 200 108
[19/Sep/2026 17:54:08] "GET /api/standards/ HTTP/1.1" 200 4546
[19/Sep/2026 17:54:08] "GET /api/review-sources/ HTTP/1.1" 200 299
[19/Sep/2026 17:54:08] "GET /api/companies/?category=sales-marketing HTTP/1.1" 200 35311
[19/Sep/2026 17:54:08] "GET /api/companies/?category=leadership-management HTTP/1.1" 200 93658
[19/Sep/2026 17:54:08] "GET /api/platform-stats/ HTTP/1.1" 200 104
[19/Sep/2026 17:54:09] "GET /api/companies/?category=sales-marketing&sort_by=reviews HTTP/1.1" 200 35311
[19/Sep/2026 17:54:09] "GET /api/auth/csrf/ HTTP/1.1" 200 108
[19/Sep/2026 17:54:09] "GET /api/auth/me/ HTTP/1.1" 200 147
[19/Sep/2026 17:54:09] "GET /api/companies/?category=leadership-management&sort_by=reviews HTTP/1.1" 200 93658
[19/Sep/2026 17:54:09] "GET /api/standards/ HTTP/1.1" 200 4546
[19/Sep/2026 17:54:10] "GET /api/review-sources/ HTTP/1.1" 200 299
[19/Sep/2026 17:54:10] "GET /api/companies/?category=sales-marketing HTTP/1.1" 200 35311
[19/Sep/2026 17:54:11] "GET /api/auth/me/ HTTP/1.1" 200 147
[19/Sep/2026 17:54:11] "GET /api/companies/?category=leadership-management HTTP/1.1" 200 93658
[19/Sep/2026 17:54:11] "GET /api/notifications/ HTTP/1.1" 200 2
[19/Sep/2026 17:54:11] "GET /api/platform-stats/ HTTP/1.1" 200 104
[19/Sep/2026 17:54:11] "GET /api/reviews/?sort_by=newest&limit=9 HTTP/1.1" 200 9940
[19/Sep/2026 17:54:12] "GET /api/companies/ HTTP/1.1" 200 117806
[19/Sep/2026 17:54:12] "GET /api/notifications/ HTTP/1.1" 200 2
[19/Sep/2026 17:54:14] "GET /api/competitors/ HTTP/1.1" 200 206291
[19/Sep/2026 17:54:32] "GET /api/notifications/ HTTP/1.1" 200 2
[19/Sep/2026 17:54:54] "GET /api/notifications/ HTTP/1.1" 200 2
[19/Sep/2026 17:55:01] "GET /api/standards/ HTTP/1.1" 200 4546
[19/Sep/2026 17:55:02] "GET /api/standards/ HTTP/1.1" 200 4546
[19/Sep/2026 17:55:12] "GET /api/notifications/ HTTP/1.1" 200 2
[19/Sep/2026 17:55:33] "GET /api/notifications/ HTTP/1.1" 200 2
[19/Sep/2026 17:55:53] "GET /api/notifications/ HTTP/1.1" 200 2
[19/Sep/2026 17:55:58] "GET /api/auth/csrf/ HTTP/1.1" 200 108
[19/Sep/2026 17:55:58] "GET /api/standards/ HTTP/1.1" 200 4546
[19/Sep/2026 17:55:58] "GET /api/review-sources/ HTTP/1.1" 200 299
[19/Sep/2026 17:55:59] "GET /api/companies/?category=sales-marketing HTTP/1.1" 200 35311
[19/Sep/2026 17:55:59] "GET /api/companies/?category=leadership-management HTTP/1.1" 200 93658
[19/Sep/2026 17:55:59] "GET /api/platform-stats/ HTTP/1.1" 200 104
[19/Sep/2026 17:55:59] "GET /api/auth/csrf/ HTTP/1.1" 200 108
[19/Sep/2026 17:56:00] "GET /api/auth/me/ HTTP/1.1" 200 147
[19/Sep/2026 17:56:00] "GET /api/standards/ HTTP/1.1" 200 4546
[19/Sep/2026 17:56:01] "GET /api/review-sources/ HTTP/1.1" 200 299
[19/Sep/2026 17:56:01] "GET /api/companies/?category=leadership-management HTTP/1.1" 200 93658
[19/Sep/2026 17:56:02] "GET /api/companies/?category=sales-marketing HTTP/1.1" 200 35311
[19/Sep/2026 17:56:02] "GET /api/auth/me/ HTTP/1.1" 200 147
[19/Sep/2026 17:56:02] "GET /api/platform-stats/ HTTP/1.1" 200 104
[19/Sep/2026 17:56:02] "GET /api/notifications/ HTTP/1.1" 200 2
[19/Sep/2026 17:56:02] "GET /api/standards/ HTTP/1.1" 200 4546
[19/Sep/2026 17:56:04] "GET /api/notifications/ HTTP/1.1" 200 2
[19/Sep/2026 17:56:04] "GET /api/standards/ HTTP/1.1" 200 4546
[19/Sep/2026 17:56:05] "GET /api/companies/?category=sales-marketing&sort_by=reviews HTTP/1.1" 200 35311
[19/Sep/2026 17:56:05] "GET /api/companies/?category=leadership-management&sort_by=reviews HTTP/1.1" 200 93658
[19/Sep/2026 17:56:07] "GET /api/companies/ HTTP/1.1" 200 117806
[19/Sep/2026 17:56:07] "GET /api/reviews/?sort_by=newest&limit=9 HTTP/1.1" 200 9940
[19/Sep/2026 17:56:08] "GET /api/competitors/ HTTP/1.1" 200 206291
[19/Sep/2026 17:56:23] "GET /api/notifications/ HTTP/1.1" 200 2
[19/Sep/2026 17:56:29] "GET /api/auth/csrf/ HTTP/1.1" 200 108
[19/Sep/2026 17:56:29] "GET /api/review-sources/ HTTP/1.1" 200 299
[19/Sep/2026 17:56:29] "GET /api/standards/ HTTP/1.1" 200 4546
[19/Sep/2026 17:56:30] "GET /api/companies/?category=sales-marketing HTTP/1.1" 200 35311
[19/Sep/2026 17:56:30] "GET /api/companies/?category=leadership-management HTTP/1.1" 200 93658
[19/Sep/2026 17:56:30] "GET /api/platform-stats/ HTTP/1.1" 200 104
[19/Sep/2026 17:56:30] "GET /api/auth/csrf/ HTTP/1.1" 200 108
[19/Sep/2026 17:56:31] "GET /api/auth/me/ HTTP/1.1" 200 147
[19/Sep/2026 17:56:31] "GET /api/review-sources/ HTTP/1.1" 200 299
[19/Sep/2026 17:56:31] "GET /api/standards/ HTTP/1.1" 200 4546
[19/Sep/2026 17:56:31] "GET /api/companies/?category=sales-marketing HTTP/1.1" 200 35311
[19/Sep/2026 17:56:32] "GET /api/companies/?category=leadership-management HTTP/1.1" 200 93658
[19/Sep/2026 17:56:32] "GET /api/auth/me/ HTTP/1.1" 200 147
[19/Sep/2026 17:56:32] "GET /api/platform-stats/ HTTP/1.1" 200 104
[19/Sep/2026 17:56:32] "GET /api/notifications/ HTTP/1.1" 200 2
[19/Sep/2026 17:56:33] "GET /api/standards/ HTTP/1.1" 200 4546
[19/Sep/2026 17:56:34] "GET /api/notifications/ HTTP/1.1" 200 2
[19/Sep/2026 17:56:34] "GET /api/standards/ HTTP/1.1" 200 4546
[19/Sep/2026 17:56:34] "GET /api/companies/?category=sales-marketing&sort_by=reviews HTTP/1.1" 200 35311
[19/Sep/2026 17:56:34] "GET /api/companies/?category=leadership-management&sort_by=reviews HTTP/1.1" 200 93658
[19/Sep/2026 17:56:51] "GET /api/auth/csrf/ HTTP/1.1" 200 108
[19/Sep/2026 17:56:51] "GET /api/auth/csrf/ HTTP/1.1" 200 108
[19/Sep/2026 17:56:52] "GET /api/auth/me/ HTTP/1.1" 200 147
[19/Sep/2026 17:56:53] "GET /api/auth/me/ HTTP/1.1" 200 147
[19/Sep/2026 17:57:17] "GET /api/auth/me/ HTTP/1.1" 200 13
[19/Sep/2026 17:57:18] "GET /api/auth/me/ HTTP/1.1" 200 147
[19/Sep/2026 17:57:18] "GET /api/standards/ HTTP/1.1" 200 4546
[19/Sep/2026 17:57:18] "GET /api/companies/?category=sales-marketing HTTP/1.1" 200 35311
[19/Sep/2026 17:57:18] "GET /api/auth/me/ HTTP/1.1" 200 13
[19/Sep/2026 17:57:18] "GET /api/review-sources/ HTTP/1.1" 200 299
[19/Sep/2026 17:57:18] "GET /api/standards/ HTTP/1.1" 200 4546
[19/Sep/2026 17:57:18] "GET /api/review-sources/ HTTP/1.1" 200 299
[19/Sep/2026 17:57:18] "GET /api/companies/?category=leadership-management HTTP/1.1" 200 93658
[19/Sep/2026 17:57:19] "GET /api/companies/?category=sales-marketing&sort_by=reviews HTTP/1.1" 200 35311
[19/Sep/2026 17:57:19] "GET /api/companies/?category=sales-marketing HTTP/1.1" 200 35311
[19/Sep/2026 17:57:19] "GET /api/companies/?category=leadership-management HTTP/1.1" 200 93658
[19/Sep/2026 17:57:19] "GET /api/platform-stats/ HTTP/1.1" 200 104
[19/Sep/2026 17:57:19] "GET /api/platform-stats/ HTTP/1.1" 200 104
[19/Sep/2026 17:57:20] "GET /api/standards/ HTTP/1.1" 200 4546
[19/Sep/2026 17:57:20] "GET /api/review-sources/ HTTP/1.1" 200 299
[19/Sep/2026 17:57:20] "GET /api/companies/?category=sales-marketing HTTP/1.1" 200 35311
[19/Sep/2026 17:57:20] "GET /api/auth/me/ HTTP/1.1" 200 147
[19/Sep/2026 17:57:20] "GET /api/companies/?category=leadership-management&sort_by=reviews HTTP/1.1" 200 93658
[19/Sep/2026 17:57:20] "GET /api/companies/?category=sales-marketing&sort_by=reviews HTTP/1.1" 200 35311
[19/Sep/2026 17:57:20] "GET /api/notifications/ HTTP/1.1" 200 2
[19/Sep/2026 17:57:20] "GET /api/companies/?category=leadership-management HTTP/1.1" 200 93658
[19/Sep/2026 17:57:20] "GET /api/companies/?category=leadership-management&sort_by=reviews HTTP/1.1" 200 93658
[19/Sep/2026 17:57:20] "GET /api/review-sources/ HTTP/1.1" 200 299
[19/Sep/2026 17:57:20] "GET /api/standards/ HTTP/1.1" 200 4546
[19/Sep/2026 17:57:20] "GET /api/platform-stats/ HTTP/1.1" 200 104
[19/Sep/2026 17:57:21] "GET /api/companies/ HTTP/1.1" 200 117806
[19/Sep/2026 17:57:21] "GET /api/companies/?category=sales-marketing HTTP/1.1" 200 35311
[19/Sep/2026 17:57:21] "GET /api/reviews/?sort_by=newest&limit=9 HTTP/1.1" 200 11215
[19/Sep/2026 17:57:22] "GET /api/notifications/ HTTP/1.1" 200 2
[19/Sep/2026 17:57:22] "GET /api/competitors/ HTTP/1.1" 200 206291
[19/Sep/2026 17:57:22] "GET /api/companies/?category=leadership-management HTTP/1.1" 200 93658
[19/Sep/2026 17:57:23] "GET /api/platform-stats/ HTTP/1.1" 200 104
[19/Sep/2026 17:57:23] "GET /api/companies/ HTTP/1.1" 200 117806
[19/Sep/2026 17:57:23] "GET /api/reviews/?sort_by=newest&limit=9 HTTP/1.1" 200 9940
[19/Sep/2026 17:57:25] "GET /api/auth/csrf/ HTTP/1.1" 200 108
[19/Sep/2026 17:57:25] "GET /api/auth/csrf/ HTTP/1.1" 200 108
[19/Sep/2026 17:57:26] "GET /api/review-sources/ HTTP/1.1" 200 299
[19/Sep/2026 17:57:26] "GET /api/standards/ HTTP/1.1" 200 4546
[19/Sep/2026 17:57:26] "GET /api/companies/?category=sales-marketing HTTP/1.1" 200 35311
[19/Sep/2026 17:57:26] "GET /api/companies/?category=leadership-management HTTP/1.1" 200 93658
[19/Sep/2026 17:57:27] "GET /api/companies/?category=sales-marketing HTTP/1.1" 200 35311
[19/Sep/2026 17:57:27] "GET /api/platform-stats/ HTTP/1.1" 200 104
[19/Sep/2026 17:57:27] "GET /api/standards/ HTTP/1.1" 200 4546
[19/Sep/2026 17:57:27] "GET /api/review-sources/ HTTP/1.1" 200 299
[19/Sep/2026 17:57:28] "GET /api/companies/?category=leadership-management HTTP/1.1" 200 93658
[19/Sep/2026 17:57:28] "GET /api/platform-stats/ HTTP/1.1" 200 104
[19/Sep/2026 17:57:29] "GET /api/companies/?category=sales-marketing&sort_by=reviews HTTP/1.1" 200 35311
[19/Sep/2026 17:57:29] "GET /api/auth/me/ HTTP/1.1" 200 147
[19/Sep/2026 17:57:29] "GET /api/companies/?category=leadership-management&sort_by=reviews HTTP/1.1" 200 93658
[19/Sep/2026 17:57:30] "GET /api/auth/me/ HTTP/1.1" 200 147
[19/Sep/2026 17:57:30] "GET /api/notifications/ HTTP/1.1" 200 2
[19/Sep/2026 17:57:31] "GET /api/companies/ HTTP/1.1" 200 117806
[19/Sep/2026 17:57:31] "GET /api/reviews/?sort_by=newest&limit=9 HTTP/1.1" 200 9940
[19/Sep/2026 17:57:32] "GET /api/notifications/ HTTP/1.1" 200 2
[19/Sep/2026 17:57:33] "GET /api/competitors/ HTTP/1.1" 200 206291
[19/Sep/2026 17:57:51] "GET /api/notifications/ HTTP/1.1" 200 2
[19/Sep/2026 17:58:12] "GET /api/notifications/ HTTP/1.1" 200 2
[19/Sep/2026 17:58:28] "GET /api/auth/csrf/ HTTP/1.1" 200 108
[19/Sep/2026 17:58:28] "GET /api/auth/csrf/ HTTP/1.1" 200 108
[19/Sep/2026 17:58:29] "GET /api/companies/?category=sales-marketing HTTP/1.1" 200 35311
[19/Sep/2026 17:58:29] "GET /api/companies/?category=leadership-management HTTP/1.1" 200 93658
[19/Sep/2026 17:58:30] "GET /api/companies/?category=leadership-management HTTP/1.1" 200 93658
[19/Sep/2026 17:58:30] "GET /api/companies/?category=sales-marketing HTTP/1.1" 200 35311
[19/Sep/2026 17:58:32] "GET /api/review-sources/ HTTP/1.1" 200 299
[19/Sep/2026 17:58:32] "GET /api/standards/ HTTP/1.1" 200 4546
[19/Sep/2026 17:58:32] "GET /api/standards/ HTTP/1.1" 200 4546
[19/Sep/2026 17:58:33] "GET /api/review-sources/ HTTP/1.1" 200 299
[19/Sep/2026 17:58:33] "GET /api/platform-stats/ HTTP/1.1" 200 104
[19/Sep/2026 17:58:33] "GET /api/platform-stats/ HTTP/1.1" 200 104
[19/Sep/2026 17:58:34] "GET /api/auth/me/ HTTP/1.1" 200 147
[19/Sep/2026 17:58:34] "GET /api/companies/?category=sales-marketing&sort_by=reviews HTTP/1.1" 200 35311
[19/Sep/2026 17:58:34] "GET /api/companies/?category=leadership-management&sort_by=reviews HTTP/1.1" 200 93658
[19/Sep/2026 17:58:35] "GET /api/auth/me/ HTTP/1.1" 200 147
[19/Sep/2026 17:58:35] "GET /api/notifications/ HTTP/1.1" 200 2
[19/Sep/2026 17:58:36] "GET /api/companies/ HTTP/1.1" 200 117806
[19/Sep/2026 17:58:36] "GET /api/reviews/?sort_by=newest&limit=9 HTTP/1.1" 200 9940
[19/Sep/2026 17:58:37] "GET /api/notifications/ HTTP/1.1" 200 2
[19/Sep/2026 17:58:38] "GET /api/competitors/ HTTP/1.1" 200 206291
[19/Sep/2026 17:58:57] "GET /api/notifications/ HTTP/1.1" 200 2
[19/Sep/2026 17:59:17] "GET /api/notifications/ HTTP/1.1" 200 2
[19/Sep/2026 17:59:37] "GET /api/notifications/ HTTP/1.1" 200 2
[19/Sep/2026 17:59:50] "POST /api/chatbot/message/ HTTP/1.1" 200 673
[19/Sep/2026 17:59:57] "GET /api/notifications/ HTTP/1.1" 200 2
[19/Sep/2026 18:00:01] "GET /api/auth/csrf/ HTTP/1.1" 200 108
[19/Sep/2026 18:00:01] "GET /api/auth/csrf/ HTTP/1.1" 200 108
[19/Sep/2026 18:00:01] "GET /api/standards/ HTTP/1.1" 200 4546
[19/Sep/2026 18:00:02] "GET /api/companies/?category=sales-marketing HTTP/1.1" 200 35311
[19/Sep/2026 18:00:02] "GET /api/companies/?category=sales-marketing HTTP/1.1" 200 35311
[19/Sep/2026 18:00:02] "GET /api/companies/?category=leadership-management HTTP/1.1" 200 93658
[19/Sep/2026 18:00:03] "GET /api/review-sources/ HTTP/1.1" 200 299
[19/Sep/2026 18:00:03] "GET /api/review-sources/ HTTP/1.1" 200 299
[19/Sep/2026 18:00:03] "GET /api/standards/ HTTP/1.1" 200 4546
[19/Sep/2026 18:00:03] "GET /api/companies/?category=leadership-management HTTP/1.1" 200 93658
[19/Sep/2026 18:00:03] "GET /api/platform-stats/ HTTP/1.1" 200 104
[19/Sep/2026 18:00:04] "GET /api/platform-stats/ HTTP/1.1" 200 104
[19/Sep/2026 18:00:04] "GET /api/companies/?category=sales-marketing&sort_by=reviews HTTP/1.1" 200 35311
[19/Sep/2026 18:00:04] "GET /api/auth/me/ HTTP/1.1" 200 147
[19/Sep/2026 18:00:05] "GET /api/companies/?category=leadership-management&sort_by=reviews HTTP/1.1" 200 93658
[19/Sep/2026 18:00:06] "GET /api/auth/me/ HTTP/1.1" 200 147
[19/Sep/2026 18:00:06] "GET /api/notifications/ HTTP/1.1" 200 2
[19/Sep/2026 18:00:07] "GET /api/companies/ HTTP/1.1" 200 117806
[19/Sep/2026 18:00:07] "GET /api/reviews/?sort_by=newest&limit=9 HTTP/1.1" 200 9940
[19/Sep/2026 18:00:07] "GET /api/notifications/ HTTP/1.1" 200 2
[19/Sep/2026 18:00:08] "GET /api/competitors/ HTTP/1.1" 200 206291
[19/Sep/2026 18:00:27] "GET /api/notifications/ HTTP/1.1" 200 2
[19/Sep/2026 18:00:47] "GET /api/notifications/ HTTP/1.1" 200 2
[19/Sep/2026 18:01:07] "GET /api/notifications/ HTTP/1.1" 200 2
[19/Sep/2026 18:01:27] "GET /api/notifications/ HTTP/1.1" 200 2
[19/Sep/2026 18:01:44] "GET /api/auth/csrf/ HTTP/1.1" 200 108
[19/Sep/2026 18:01:44] "GET /api/auth/csrf/ HTTP/1.1" 200 108
[19/Sep/2026 18:01:44] "GET /api/standards/ HTTP/1.1" 200 4546
[19/Sep/2026 18:01:45] "GET /api/companies/?category=sales-marketing HTTP/1.1" 200 35311
[19/Sep/2026 18:01:45] "GET /api/companies/?category=sales-marketing HTTP/1.1" 200 35311
[19/Sep/2026 18:01:45] "GET /api/companies/?category=leadership-management HTTP/1.1" 200 93658
[19/Sep/2026 18:01:45] "GET /api/review-sources/ HTTP/1.1" 200 299
[19/Sep/2026 18:01:46] "GET /api/platform-stats/ HTTP/1.1" 200 104
[19/Sep/2026 18:01:46] "GET /api/standards/ HTTP/1.1" 200 4546
[19/Sep/2026 18:01:46] "GET /api/review-sources/ HTTP/1.1" 200 299
[19/Sep/2026 18:01:46] "GET /api/companies/?category=leadership-management HTTP/1.1" 200 93658
[19/Sep/2026 18:01:47] "GET /api/platform-stats/ HTTP/1.1" 200 104
[19/Sep/2026 18:01:47] "GET /api/companies/?category=sales-marketing&sort_by=reviews HTTP/1.1" 200 35311
[19/Sep/2026 18:01:47] "GET /api/auth/me/ HTTP/1.1" 200 147
[19/Sep/2026 18:01:48] "GET /api/companies/?category=leadership-management&sort_by=reviews HTTP/1.1" 200 93658
[19/Sep/2026 18:01:49] "GET /api/auth/me/ HTTP/1.1" 200 147
[19/Sep/2026 18:01:49] "GET /api/notifications/ HTTP/1.1" 200 2
[19/Sep/2026 18:01:50] "GET /api/companies/ HTTP/1.1" 200 117806
[19/Sep/2026 18:01:50] "GET /api/reviews/?sort_by=newest&limit=9 HTTP/1.1" 200 9940
[19/Sep/2026 18:01:50] "GET /api/notifications/ HTTP/1.1" 200 2
[19/Sep/2026 18:01:51] "GET /api/competitors/ HTTP/1.1" 200 206291
[19/Sep/2026 18:02:10] "GET /api/notifications/ HTTP/1.1" 200 2
[19/Sep/2026 18:02:32] "GET /api/notifications/ HTTP/1.1" 200 2
[19/Sep/2026 18:02:50] "GET /api/notifications/ HTTP/1.1" 200 2
[19/Sep/2026 18:03:10] "GET /api/notifications/ HTTP/1.1" 200 2
[19/Sep/2026 18:03:17] "GET /api/reviews/?sort_by=newest&limit=12 HTTP/1.1" 200 12795
[19/Sep/2026 18:03:17] "GET /api/reviews/?sort_by=newest&limit=12 HTTP/1.1" 200 14195
[19/Sep/2026 18:03:30] "GET /api/notifications/ HTTP/1.1" 200 2
[19/Sep/2026 18:03:50] "GET /api/notifications/ HTTP/1.1" 200 2
[19/Sep/2026 18:04:10] "GET /api/notifications/ HTTP/1.1" 200 2
[19/Sep/2026 18:04:30] "GET /api/notifications/ HTTP/1.1" 200 2
[19/Sep/2026 18:04:50] "GET /api/notifications/ HTTP/1.1" 200 2
[19/Sep/2026 18:05:10] "GET /api/notifications/ HTTP/1.1" 200 2
[19/Sep/2026 18:05:30] "GET /api/notifications/ HTTP/1.1" 200 2
[19/Sep/2026 18:05:50] "GET /api/notifications/ HTTP/1.1" 200 2
[19/Sep/2026 18:06:10] "GET /api/notifications/ HTTP/1.1" 200 2
[19/Sep/2026 18:06:30] "GET /api/notifications/ HTTP/1.1" 200 2
[19/Sep/2026 18:06:50] "GET /api/notifications/ HTTP/1.1" 200 2
[19/Sep/2026 18:07:10] "GET /api/notifications/ HTTP/1.1" 200 2
[19/Sep/2026 18:07:30] "GET /api/notifications/ HTTP/1.1" 200 2
[19/Sep/2026 18:07:51] "GET /api/notifications/ HTTP/1.1" 200 2
[19/Sep/2026 18:08:10] "GET /api/notifications/ HTTP/1.1" 200 2
[19/Sep/2026 18:08:30] "GET /api/notifications/ HTTP/1.1" 200 2
[19/Sep/2026 18:08:50] "GET /api/notifications/ HTTP/1.1" 200 2
[19/Sep/2026 18:09:10] "GET /api/notifications/ HTTP/1.1" 200 2
[19/Sep/2026 18:09:30] "GET /api/notifications/ HTTP/1.1" 200 2
[19/Sep/2026 18:09:50] "GET /api/notifications/ HTTP/1.1" 200 2
[19/Sep/2026 18:10:10] "GET /api/notifications/ HTTP/1.1" 200 2
[19/Sep/2026 18:10:31] "GET /api/notifications/ HTTP/1.1" 200 2
[19/Sep/2026 18:10:51] "GET /api/notifications/ HTTP/1.1" 200 2
[19/Sep/2026 18:11:10] "GET /api/notifications/ HTTP/1.1" 200 2
[19/Sep/2026 18:11:30] "GET /api/notifications/ HTTP/1.1" 200 2
[19/Sep/2026 18:11:50] "GET /api/notifications/ HTTP/1.1" 200 2
[19/Sep/2026 18:12:10] "GET /api/notifications/ HTTP/1.1" 200 2
[19/Sep/2026 18:12:30] "GET /api/notifications/ HTTP/1.1" 200 2
[19/Sep/2026 18:12:50] "GET /api/notifications/ HTTP/1.1" 200 2
[19/Sep/2026 18:13:11] "GET /api/notifications/ HTTP/1.1" 200 2
[19/Sep/2026 18:13:30] "GET /api/notifications/ HTTP/1.1" 200 2
[19/Sep/2026 18:13:50] "GET /api/notifications/ HTTP/1.1" 200 2
[19/Sep/2026 18:14:11] "GET /api/notifications/ HTTP/1.1" 200 2
[19/Sep/2026 18:14:30] "GET /api/notifications/ HTTP/1.1" 200 2
[19/Sep/2026 18:14:50] "GET /api/notifications/ HTTP/1.1" 200 2
[19/Sep/2026 18:15:10] "GET /api/notifications/ HTTP/1.1" 200 2
[19/Sep/2026 18:15:30] "GET /api/notifications/ HTTP/1.1" 200 2
[19/Sep/2026 18:15:50] "GET /api/notifications/ HTTP/1.1" 200 2
[20/Sep/2026 11:14:06] "GET /api/notifications/ HTTP/1.1" 200 2
[20/Sep/2026 11:14:26] "GET /api/auth/csrf/ HTTP/1.1" 200 108
[20/Sep/2026 11:14:27] "GET /api/standards/ HTTP/1.1" 200 4546
[20/Sep/2026 11:14:27] "GET /api/review-sources/ HTTP/1.1" 200 299
[20/Sep/2026 11:14:27] "GET /api/companies/?category=sales-marketing HTTP/1.1" 200 35311
[20/Sep/2026 11:14:27] "GET /api/reviews/?rating=5&sort_by=highest&limit=5 HTTP/1.1" 200 3331
[20/Sep/2026 11:14:27] "GET /api/companies/?category=leadership-management HTTP/1.1" 200 93658
[20/Sep/2026 11:14:28] "GET /api/platform-stats/ HTTP/1.1" 200 104
[20/Sep/2026 11:14:28] "GET /api/auth/csrf/ HTTP/1.1" 200 108
[20/Sep/2026 11:14:28] "GET /api/companies/?category=sales-marketing&sort_by=reviews HTTP/1.1" 200 35311
[20/Sep/2026 11:14:29] "GET /api/auth/me/ HTTP/1.1" 200 147
[20/Sep/2026 11:14:29] "GET /api/companies/?category=leadership-management&sort_by=reviews HTTP/1.1" 200 93658
[20/Sep/2026 11:14:29] "GET /api/standards/ HTTP/1.1" 200 4546
[20/Sep/2026 11:14:30] "GET /api/review-sources/ HTTP/1.1" 200 299
[20/Sep/2026 11:14:30] "GET /api/auth/me/ HTTP/1.1" 200 147
[20/Sep/2026 11:14:30] "GET /api/companies/?category=sales-marketing HTTP/1.1" 200 35311
[20/Sep/2026 11:14:30] "GET /api/reviews/?rating=5&sort_by=highest&limit=5 HTTP/1.1" 200 3331
[20/Sep/2026 11:14:31] "GET /api/companies/?category=leadership-management HTTP/1.1" 200 93658
[20/Sep/2026 11:14:31] "GET /api/platform-stats/ HTTP/1.1" 200 104
[20/Sep/2026 11:14:31] "GET /api/notifications/ HTTP/1.1" 200 2
[20/Sep/2026 11:14:32] "GET /api/reviews/?sort_by=newest&limit=9 HTTP/1.1" 200 9940
[20/Sep/2026 11:14:32] "GET /api/companies/ HTTP/1.1" 200 117806
[20/Sep/2026 11:14:33] "GET /api/notifications/ HTTP/1.1" 200 2
[20/Sep/2026 11:14:34] "GET /api/competitors/ HTTP/1.1" 200 206293
[20/Sep/2026 11:14:52] "GET /api/notifications/ HTTP/1.1" 200 2
[20/Sep/2026 11:15:12] "GET /api/notifications/ HTTP/1.1" 200 2
[20/Sep/2026 11:15:23] "GET /api/auth/csrf/ HTTP/1.1" 200 108
[20/Sep/2026 11:15:24] "GET /api/review-sources/ HTTP/1.1" 200 299
[20/Sep/2026 11:15:24] "GET /api/standards/ HTTP/1.1" 200 4546
[20/Sep/2026 11:15:24] "GET /api/companies/?category=sales-marketing HTTP/1.1" 200 35311
[20/Sep/2026 11:15:24] "GET /api/companies/?category=leadership-management HTTP/1.1" 200 93658
[20/Sep/2026 11:15:24] "GET /api/reviews/?rating=5&sort_by=highest&limit=5 HTTP/1.1" 200 3331
[20/Sep/2026 11:15:25] "GET /api/auth/csrf/ HTTP/1.1" 200 108
[20/Sep/2026 11:15:25] "GET /api/platform-stats/ HTTP/1.1" 200 104
[20/Sep/2026 11:15:25] "GET /api/auth/me/ HTTP/1.1" 200 147
[20/Sep/2026 11:15:25] "GET /api/companies/?category=sales-marketing&sort_by=reviews HTTP/1.1" 200 35311
[20/Sep/2026 11:15:26] "GET /api/review-sources/ HTTP/1.1" 200 299
[20/Sep/2026 11:15:26] "GET /api/companies/?category=leadership-management&sort_by=reviews HTTP/1.1" 200 93658
[20/Sep/2026 11:15:27] "GET /api/standards/ HTTP/1.1" 200 4546
[20/Sep/2026 11:15:27] "GET /api/auth/me/ HTTP/1.1" 200 147
[20/Sep/2026 11:15:27] "GET /api/companies/?category=sales-marketing HTTP/1.1" 200 35311
[20/Sep/2026 11:15:27] "GET /api/companies/?category=leadership-management HTTP/1.1" 200 93658
[20/Sep/2026 11:15:27] "GET /api/reviews/?rating=5&sort_by=highest&limit=5 HTTP/1.1" 200 3331
[20/Sep/2026 11:15:28] "GET /api/platform-stats/ HTTP/1.1" 200 104
[20/Sep/2026 11:15:28] "GET /api/notifications/ HTTP/1.1" 200 2
[20/Sep/2026 11:15:29] "GET /api/reviews/?sort_by=newest&limit=9 HTTP/1.1" 200 9940
[20/Sep/2026 11:15:29] "GET /api/companies/ HTTP/1.1" 200 117806
[20/Sep/2026 11:15:30] "GET /api/notifications/ HTTP/1.1" 200 2
[20/Sep/2026 11:15:30] "GET /api/competitors/ HTTP/1.1" 200 206293
[20/Sep/2026 11:15:48] "GET /api/notifications/ HTTP/1.1" 200 2
[20/Sep/2026 11:16:08] "GET /api/notifications/ HTTP/1.1" 200 2
[20/Sep/2026 11:16:29] "GET /api/notifications/ HTTP/1.1" 200 2
[20/Sep/2026 11:16:48] "GET /api/notifications/ HTTP/1.1" 200 2
[20/Sep/2026 11:17:17] "GET /api/notifications/ HTTP/1.1" 200 2
[20/Sep/2026 11:17:29] "GET /api/notifications/ HTTP/1.1" 200 2
[20/Sep/2026 11:17:48] "GET /api/notifications/ HTTP/1.1" 200 2
[20/Sep/2026 11:18:03] "GET /api/standards/ HTTP/1.1" 200 4546
[20/Sep/2026 11:18:03] "GET /api/notifications/ HTTP/1.1" 200 2
[20/Sep/2026 11:18:03] "GET /api/categories/ HTTP/1.1" 200 2110
[20/Sep/2026 11:18:04] "GET /api/standards/ HTTP/1.1" 200 4546
[20/Sep/2026 11:18:04] "GET /api/notifications/ HTTP/1.1" 200 2
[20/Sep/2026 11:18:04] "GET /api/categories/ HTTP/1.1" 200 2110
[20/Sep/2026 11:18:05] "GET /api/companies/?category=sales-marketing HTTP/1.1" 200 35311
[20/Sep/2026 11:18:05] "GET /api/reviews/?rating=5&sort_by=highest&limit=5 HTTP/1.1" 200 3331
[20/Sep/2026 11:18:05] "GET /api/companies/?category=leadership-management HTTP/1.1" 200 93658
[20/Sep/2026 11:18:06] "GET /api/review-sources/ HTTP/1.1" 200 299
[20/Sep/2026 11:18:06] "GET /api/companies/?category=sales-marketing&sort_by=reviews HTTP/1.1" 200 35311
[20/Sep/2026 11:18:06] "GET /api/platform-stats/ HTTP/1.1" 200 104
[20/Sep/2026 11:18:06] "GET /api/standards/ HTTP/1.1" 200 4546
[20/Sep/2026 11:18:06] "GET /api/notifications/ HTTP/1.1" 200 2
[20/Sep/2026 11:18:07] "GET /api/companies/?category=leadership-management&sort_by=reviews HTTP/1.1" 200 93658
[20/Sep/2026 11:18:07] "GET /api/companies/?category=sales-marketing HTTP/1.1" 200 35311
[20/Sep/2026 11:18:08] "GET /api/review-sources/ HTTP/1.1" 200 299
[20/Sep/2026 11:18:08] "GET /api/companies/?category=leadership-management HTTP/1.1" 200 93658
[20/Sep/2026 11:18:08] "GET /api/reviews/?rating=5&sort_by=highest&limit=5 HTTP/1.1" 200 3331
[20/Sep/2026 11:18:08] "GET /api/platform-stats/ HTTP/1.1" 200 104
[20/Sep/2026 11:18:09] "GET /api/standards/ HTTP/1.1" 200 4546
[20/Sep/2026 11:18:09] "GET /api/notifications/ HTTP/1.1" 200 2
[20/Sep/2026 11:18:10] "GET /api/reviews/?sort_by=newest&limit=9 HTTP/1.1" 200 9940
[20/Sep/2026 11:18:10] "GET /api/companies/ HTTP/1.1" 200 117806
[20/Sep/2026 11:18:11] "GET /api/competitors/ HTTP/1.1" 200 206293
[20/Sep/2026 11:18:24] "GET /api/notifications/ HTTP/1.1" 200 2
[20/Sep/2026 11:18:44] "GET /api/notifications/ HTTP/1.1" 200 2
[20/Sep/2026 11:19:04] "GET /api/notifications/ HTTP/1.1" 200 2
[20/Sep/2026 11:19:24] "GET /api/notifications/ HTTP/1.1" 200 2
[20/Sep/2026 11:19:44] "GET /api/notifications/ HTTP/1.1" 200 2
[20/Sep/2026 11:20:04] "GET /api/notifications/ HTTP/1.1" 200 2
[20/Sep/2026 11:20:25] "GET /api/notifications/ HTTP/1.1" 200 2
[20/Sep/2026 11:20:44] "GET /api/notifications/ HTTP/1.1" 200 2
[20/Sep/2026 11:21:05] "GET /api/notifications/ HTTP/1.1" 200 2
[20/Sep/2026 11:21:25] "GET /api/notifications/ HTTP/1.1" 200 2
[20/Sep/2026 11:21:48] "GET /api/notifications/ HTTP/1.1" 200 2
[20/Sep/2026 11:22:05] "GET /api/notifications/ HTTP/1.1" 200 2
[20/Sep/2026 11:22:27] "GET /api/notifications/ HTTP/1.1" 200 2
[20/Sep/2026 11:22:45] "GET /api/notifications/ HTTP/1.1" 200 2
[20/Sep/2026 11:23:06] "GET /api/notifications/ HTTP/1.1" 200 2
[20/Sep/2026 11:23:25] "GET /api/notifications/ HTTP/1.1" 200 2
[20/Sep/2026 11:23:45] "GET /api/notifications/ HTTP/1.1" 200 2
[20/Sep/2026 11:24:05] "GET /api/notifications/ HTTP/1.1" 200 2
[20/Sep/2026 11:24:25] "GET /api/notifications/ HTTP/1.1" 200 2
[20/Sep/2026 11:24:45] "GET /api/notifications/ HTTP/1.1" 200 2
[20/Sep/2026 11:25:05] "GET /api/notifications/ HTTP/1.1" 200 2
[20/Sep/2026 11:25:27] "GET /api/notifications/ HTTP/1.1" 200 2
[20/Sep/2026 11:25:46] "GET /api/notifications/ HTTP/1.1" 200 2
[20/Sep/2026 11:26:05] "GET /api/notifications/ HTTP/1.1" 200 2
[20/Sep/2026 11:26:30] "GET /api/notifications/ HTTP/1.1" 200 2
[20/Sep/2026 11:27:27] "GET /api/notifications/ HTTP/1.1" 200 2
[20/Sep/2026 11:27:46] "GET /api/notifications/ HTTP/1.1" 200 2
[20/Sep/2026 11:28:07] "GET /api/notifications/ HTTP/1.1" 200 2
[20/Sep/2026 11:28:25] "GET /api/notifications/ HTTP/1.1" 200 2
[20/Sep/2026 11:29:32] "GET /api/notifications/ HTTP/1.1" 200 2
[20/Sep/2026 11:29:44] "GET /api/notifications/ HTTP/1.1" 200 2
[20/Sep/2026 11:30:04] "GET /api/notifications/ HTTP/1.1" 200 2
[20/Sep/2026 11:30:25] "GET /api/notifications/ HTTP/1.1" 200 2
[20/Sep/2026 11:30:44] "GET /api/notifications/ HTTP/1.1" 200 2
[20/Sep/2026 11:31:04] "GET /api/notifications/ HTTP/1.1" 200 2
[20/Sep/2026 11:31:24] "GET /api/notifications/ HTTP/1.1" 200 2
[20/Sep/2026 11:31:39] "GET /api/auth/csrf/ HTTP/1.1" 200 108
[20/Sep/2026 11:31:40] "GET /api/standards/ HTTP/1.1" 200 4546
[20/Sep/2026 11:31:40] "GET /api/review-sources/ HTTP/1.1" 200 299
[20/Sep/2026 11:31:40] "GET /api/companies/?category=sales-marketing HTTP/1.1" 200 35311
[20/Sep/2026 11:31:40] "GET /api/reviews/?rating=5&sort_by=highest&limit=5 HTTP/1.1" 200 3331
[20/Sep/2026 11:31:40] "GET /api/companies/?category=leadership-management HTTP/1.1" 200 93658
[20/Sep/2026 11:31:41] "GET /api/platform-stats/ HTTP/1.1" 200 104
[20/Sep/2026 11:31:41] "GET /api/auth/csrf/ HTTP/1.1" 200 108
[20/Sep/2026 11:31:41] "GET /api/companies/?category=sales-marketing&sort_by=reviews HTTP/1.1" 200 35311
[20/Sep/2026 11:31:41] "GET /api/auth/me/ HTTP/1.1" 200 147
[20/Sep/2026 11:31:42] "GET /api/companies/?category=leadership-management&sort_by=reviews HTTP/1.1" 200 93658
[20/Sep/2026 11:31:42] "GET /api/standards/ HTTP/1.1" 200 4546
[20/Sep/2026 11:31:43] "GET /api/review-sources/ HTTP/1.1" 200 299
[20/Sep/2026 11:31:43] "GET /api/companies/?category=sales-marketing HTTP/1.1" 200 35311
[20/Sep/2026 11:31:43] "GET /api/auth/me/ HTTP/1.1" 200 147
[20/Sep/2026 11:31:43] "GET /api/companies/?category=leadership-management HTTP/1.1" 200 93658
[20/Sep/2026 11:31:43] "GET /api/reviews/?rating=5&sort_by=highest&limit=5 HTTP/1.1" 200 3331
[20/Sep/2026 11:31:44] "GET /api/platform-stats/ HTTP/1.1" 200 104
[20/Sep/2026 11:31:44] "GET /api/notifications/ HTTP/1.1" 200 2
[20/Sep/2026 11:31:45] "GET /api/reviews/?sort_by=newest&limit=9 HTTP/1.1" 200 9940
[20/Sep/2026 11:31:45] "GET /api/companies/ HTTP/1.1" 200 117806
[20/Sep/2026 11:31:46] "GET /api/notifications/ HTTP/1.1" 200 2
[20/Sep/2026 11:31:46] "GET /api/competitors/ HTTP/1.1" 200 206293
[20/Sep/2026 11:32:04] "GET /api/notifications/ HTTP/1.1" 200 2
[20/Sep/2026 11:32:24] "GET /api/notifications/ HTTP/1.1" 200 2
[20/Sep/2026 11:32:44] "GET /api/notifications/ HTTP/1.1" 200 2
[20/Sep/2026 11:33:06] "GET /api/notifications/ HTTP/1.1" 200 2
[20/Sep/2026 11:33:25] "GET /api/notifications/ HTTP/1.1" 200 2
[20/Sep/2026 11:33:46] "GET /api/notifications/ HTTP/1.1" 200 2
[20/Sep/2026 11:34:06] "GET /api/notifications/ HTTP/1.1" 200 2
[20/Sep/2026 11:34:26] "GET /api/notifications/ HTTP/1.1" 200 2
[20/Sep/2026 11:34:46] "GET /api/notifications/ HTTP/1.1" 200 2
[20/Sep/2026 11:35:05] "GET /api/notifications/ HTTP/1.1" 200 2
[20/Sep/2026 11:35:25] "GET /api/notifications/ HTTP/1.1" 200 2
[20/Sep/2026 11:35:44] "GET /api/notifications/ HTTP/1.1" 200 2
[20/Sep/2026 11:36:05] "GET /api/notifications/ HTTP/1.1" 200 2
[20/Sep/2026 11:36:25] "GET /api/notifications/ HTTP/1.1" 200 2
[20/Sep/2026 11:36:45] "GET /api/notifications/ HTTP/1.1" 200 2
[20/Sep/2026 11:37:05] "GET /api/notifications/ HTTP/1.1" 200 2
[20/Sep/2026 11:37:24] "GET /api/notifications/ HTTP/1.1" 200 2
[20/Sep/2026 11:37:44] "GET /api/notifications/ HTTP/1.1" 200 2
[20/Sep/2026 11:38:05] "GET /api/notifications/ HTTP/1.1" 200 2
[20/Sep/2026 11:38:24] "GET /api/notifications/ HTTP/1.1" 200 2
[20/Sep/2026 11:38:44] "GET /api/notifications/ HTTP/1.1" 200 2
[20/Sep/2026 11:39:04] "GET /api/notifications/ HTTP/1.1" 200 2
[20/Sep/2026 11:39:24] "GET /api/notifications/ HTTP/1.1" 200 2
[20/Sep/2026 11:39:44] "GET /api/notifications/ HTTP/1.1" 200 2
[20/Sep/2026 11:40:05] "GET /api/notifications/ HTTP/1.1" 200 2
[20/Sep/2026 11:40:24] "GET /api/notifications/ HTTP/1.1" 200 2
[20/Sep/2026 11:40:44] "GET /api/notifications/ HTTP/1.1" 200 2
[20/Sep/2026 11:41:05] "GET /api/notifications/ HTTP/1.1" 200 2
[20/Sep/2026 11:41:24] "GET /api/notifications/ HTTP/1.1" 200 2
[20/Sep/2026 11:41:44] "GET /api/notifications/ HTTP/1.1" 200 2
[20/Sep/2026 11:42:04] "GET /api/notifications/ HTTP/1.1" 200 2
[20/Sep/2026 11:42:24] "GET /api/notifications/ HTTP/1.1" 200 2
[20/Sep/2026 11:42:44] "GET /api/notifications/ HTTP/1.1" 200 2
[20/Sep/2026 11:43:04] "GET /api/notifications/ HTTP/1.1" 200 2
[20/Sep/2026 11:43:25] "GET /api/notifications/ HTTP/1.1" 200 2
[20/Sep/2026 11:43:45] "GET /api/notifications/ HTTP/1.1" 200 2
[20/Sep/2026 11:44:05] "GET /api/notifications/ HTTP/1.1" 200 2
[20/Sep/2026 11:44:29] "GET /api/notifications/ HTTP/1.1" 200 2
[20/Sep/2026 11:45:28] "GET /api/notifications/ HTTP/1.1" 200 2
[20/Sep/2026 11:46:28] "GET /api/notifications/ HTTP/1.1" 200 2
[20/Sep/2026 11:46:47] "GET /api/notifications/ HTTP/1.1" 200 2
[20/Sep/2026 11:47:05] "GET /api/notifications/ HTTP/1.1" 200 2
[20/Sep/2026 11:47:24] "GET /api/notifications/ HTTP/1.1" 200 2
[20/Sep/2026 11:47:46] "GET /api/notifications/ HTTP/1.1" 200 2
[20/Sep/2026 11:48:04] "GET /api/notifications/ HTTP/1.1" 200 2
[20/Sep/2026 11:48:24] "GET /api/notifications/ HTTP/1.1" 200 2
[20/Sep/2026 11:48:44] "GET /api/notifications/ HTTP/1.1" 200 2
[20/Sep/2026 11:49:04] "GET /api/notifications/ HTTP/1.1" 200 2
[20/Sep/2026 11:49:24] "GET /api/notifications/ HTTP/1.1" 200 2
[20/Sep/2026 11:49:45] "GET /api/notifications/ HTTP/1.1" 200 2
[20/Sep/2026 11:50:04] "GET /api/notifications/ HTTP/1.1" 200 2
[20/Sep/2026 11:50:24] "GET /api/notifications/ HTTP/1.1" 200 2
[20/Sep/2026 11:50:46] "GET /api/notifications/ HTTP/1.1" 200 2
[20/Sep/2026 11:51:04] "GET /api/notifications/ HTTP/1.1" 200 2
[20/Sep/2026 11:51:25] "GET /api/notifications/ HTTP/1.1" 200 2
[20/Sep/2026 11:51:45] "GET /api/notifications/ HTTP/1.1" 200 2
[20/Sep/2026 11:52:04] "GET /api/notifications/ HTTP/1.1" 200 2
[20/Sep/2026 11:52:24] "GET /api/notifications/ HTTP/1.1" 200 2
[20/Sep/2026 11:52:36] "GET /api/auth/csrf/ HTTP/1.1" 200 108
[20/Sep/2026 11:52:36] "GET /api/auth/csrf/ HTTP/1.1" 200 108
[20/Sep/2026 11:52:36] "GET /api/companies/?category=leadership-management HTTP/1.1" 200 93658
[20/Sep/2026 11:52:36] "GET /api/reviews/?rating=5&sort_by=highest&limit=5 HTTP/1.1" 200 3331
[20/Sep/2026 11:52:37] "GET /api/standards/ HTTP/1.1" 200 4546
[20/Sep/2026 11:52:37] "GET /api/companies/?category=sales-marketing HTTP/1.1" 200 35311
[20/Sep/2026 11:52:37] "GET /api/review-sources/ HTTP/1.1" 200 299
[20/Sep/2026 11:52:37] "GET /api/reviews/?rating=5&sort_by=highest&limit=5 HTTP/1.1" 200 3331
[20/Sep/2026 11:52:38] "GET /api/companies/?category=sales-marketing HTTP/1.1" 200 35311
[20/Sep/2026 11:52:38] "GET /api/platform-stats/ HTTP/1.1" 200 104
[20/Sep/2026 11:52:38] "GET /api/standards/ HTTP/1.1" 200 4546
[20/Sep/2026 11:52:38] "GET /api/review-sources/ HTTP/1.1" 200 299
[20/Sep/2026 11:52:38] "GET /api/companies/?category=leadership-management HTTP/1.1" 200 93658
[20/Sep/2026 11:52:39] "GET /api/platform-stats/ HTTP/1.1" 200 104
[20/Sep/2026 11:52:40] "GET /api/auth/me/ HTTP/1.1" 200 147
[20/Sep/2026 11:52:40] "GET /api/companies/?category=sales-marketing&sort_by=reviews HTTP/1.1" 200 35311
[20/Sep/2026 11:52:40] "GET /api/companies/?category=leadership-management&sort_by=reviews HTTP/1.1" 200 93658
[20/Sep/2026 11:52:41] "GET /api/auth/me/ HTTP/1.1" 200 147
[20/Sep/2026 11:52:41] "GET /api/notifications/ HTTP/1.1" 200 2
[20/Sep/2026 11:52:42] "GET /api/companies/ HTTP/1.1" 200 117806
[20/Sep/2026 11:52:42] "GET /api/reviews/?sort_by=newest&limit=9 HTTP/1.1" 200 9940
[20/Sep/2026 11:52:43] "GET /api/notifications/ HTTP/1.1" 200 2
[20/Sep/2026 11:52:43] "GET /api/competitors/ HTTP/1.1" 200 206293
[20/Sep/2026 11:53:03] "GET /api/notifications/ HTTP/1.1" 200 2
[20/Sep/2026 11:53:22] "GET /api/notifications/ HTTP/1.1" 200 2
[20/Sep/2026 11:53:42] "GET /api/notifications/ HTTP/1.1" 200 2
[20/Sep/2026 11:54:03] "GET /api/notifications/ HTTP/1.1" 200 2
[20/Sep/2026 11:54:23] "GET /api/notifications/ HTTP/1.1" 200 2
[20/Sep/2026 11:54:44] "GET /api/notifications/ HTTP/1.1" 200 2
[20/Sep/2026 11:54:51] "GET /api/auth/csrf/ HTTP/1.1" 200 108
[20/Sep/2026 11:54:51] "GET /api/auth/csrf/ HTTP/1.1" 200 108
[20/Sep/2026 11:54:52] "GET /api/standards/ HTTP/1.1" 200 4546
[20/Sep/2026 11:54:54] "GET /api/review-sources/ HTTP/1.1" 200 299
[20/Sep/2026 11:54:54] "GET /api/reviews/?rating=5&sort_by=highest&limit=5 HTTP/1.1" 200 3331
[20/Sep/2026 11:54:54] "GET /api/companies/?category=sales-marketing HTTP/1.1" 200 35311
[20/Sep/2026 11:54:54] "GET /api/platform-stats/ HTTP/1.1" 200 104
[20/Sep/2026 11:54:54] "GET /api/reviews/?rating=5&sort_by=highest&limit=5 HTTP/1.1" 200 3331
[20/Sep/2026 11:54:56] "GET /api/companies/?category=leadership-management HTTP/1.1" 200 93658
[20/Sep/2026 11:54:56] "GET /api/standards/ HTTP/1.1" 200 4546
[20/Sep/2026 11:54:57] "GET /api/companies/?category=sales-marketing HTTP/1.1" 200 35311
[20/Sep/2026 11:54:57] "GET /api/platform-stats/ HTTP/1.1" 200 104
[20/Sep/2026 11:54:57] "GET /api/review-sources/ HTTP/1.1" 200 299
[20/Sep/2026 11:54:58] "GET /api/companies/?category=leadership-management HTTP/1.1" 200 93658
[20/Sep/2026 11:54:59] "GET /api/auth/me/ HTTP/1.1" 200 147
[20/Sep/2026 11:54:59] "GET /api/auth/me/ HTTP/1.1" 200 147
[20/Sep/2026 11:55:01] "GET /api/notifications/ HTTP/1.1" 200 2
[20/Sep/2026 11:55:01] "GET /api/notifications/ HTTP/1.1" 200 2
[20/Sep/2026 11:55:02] "GET /api/companies/?category=leadership-management&sort_by=reviews HTTP/1.1" 200 93658
[20/Sep/2026 11:55:02] "GET /api/companies/?category=sales-marketing&sort_by=reviews HTTP/1.1" 200 35311
[20/Sep/2026 11:55:04] "GET /api/companies/ HTTP/1.1" 200 117806
[20/Sep/2026 11:55:05] "GET /api/reviews/?sort_by=newest&limit=9 HTTP/1.1" 200 9940
[20/Sep/2026 11:55:07] "GET /api/competitors/ HTTP/1.1" 200 206293
[20/Sep/2026 11:55:20] "GET /api/notifications/ HTTP/1.1" 200 2
[20/Sep/2026 11:55:40] "GET /api/notifications/ HTTP/1.1" 200 2
[20/Sep/2026 11:56:00] "GET /api/notifications/ HTTP/1.1" 200 2
[20/Sep/2026 11:56:20] "GET /api/notifications/ HTTP/1.1" 200 2
[20/Sep/2026 11:56:40] "GET /api/notifications/ HTTP/1.1" 200 2
[20/Sep/2026 11:57:00] "GET /api/notifications/ HTTP/1.1" 200 2
[20/Sep/2026 11:57:20] "GET /api/notifications/ HTTP/1.1" 200 2
[20/Sep/2026 11:57:41] "GET /api/notifications/ HTTP/1.1" 200 2
[20/Sep/2026 11:58:00] "GET /api/notifications/ HTTP/1.1" 200 2
[20/Sep/2026 11:58:20] "GET /api/notifications/ HTTP/1.1" 200 2
[20/Sep/2026 11:58:40] "GET /api/notifications/ HTTP/1.1" 200 2
[20/Sep/2026 11:59:00] "GET /api/notifications/ HTTP/1.1" 200 2
[20/Sep/2026 11:59:22] "GET /api/notifications/ HTTP/1.1" 200 2
[20/Sep/2026 11:59:40] "GET /api/notifications/ HTTP/1.1" 200 2
[20/Sep/2026 12:00:02] "GET /api/notifications/ HTTP/1.1" 200 2
[20/Sep/2026 12:00:20] "GET /api/notifications/ HTTP/1.1" 200 2
[20/Sep/2026 12:00:41] "GET /api/notifications/ HTTP/1.1" 200 2
[20/Sep/2026 12:01:01] "GET /api/notifications/ HTTP/1.1" 200 2
[20/Sep/2026 12:01:20] "GET /api/notifications/ HTTP/1.1" 200 2
[20/Sep/2026 12:01:41] "GET /api/notifications/ HTTP/1.1" 200 2
[20/Sep/2026 12:02:00] "GET /api/notifications/ HTTP/1.1" 200 2
[20/Sep/2026 12:02:20] "GET /api/notifications/ HTTP/1.1" 200 2
[20/Sep/2026 12:02:40] "GET /api/notifications/ HTTP/1.1" 200 2
[20/Sep/2026 12:03:00] "GET /api/notifications/ HTTP/1.1" 200 2
[20/Sep/2026 12:03:20] "GET /api/notifications/ HTTP/1.1" 200 2
[20/Sep/2026 12:03:40] "GET /api/notifications/ HTTP/1.1" 200 2
[20/Sep/2026 12:03:54] "GET /api/auth/csrf/ HTTP/1.1" 200 108
[20/Sep/2026 12:03:54] "GET /api/auth/csrf/ HTTP/1.1" 200 108
[20/Sep/2026 12:03:55] "GET /api/companies/?category=sales-marketing HTTP/1.1" 200 35311
[20/Sep/2026 12:03:55] "GET /api/reviews/?rating=5&sort_by=highest&limit=5 HTTP/1.1" 200 3331
[20/Sep/2026 12:03:55] "GET /api/reviews/?rating=5&sort_by=highest&limit=5 HTTP/1.1" 200 3331
[20/Sep/2026 12:03:55] "GET /api/companies/?category=leadership-management HTTP/1.1" 200 93724
[20/Sep/2026 12:03:56] "GET /api/review-sources/ HTTP/1.1" 200 299
[20/Sep/2026 12:03:56] "GET /api/standards/ HTTP/1.1" 200 4546
[20/Sep/2026 12:03:56] "GET /api/companies/?category=sales-marketing HTTP/1.1" 200 35311
[20/Sep/2026 12:03:56] "GET /api/standards/ HTTP/1.1" 200 4546
[20/Sep/2026 12:03:57] "GET /api/companies/?category=leadership-management HTTP/1.1" 200 93724
[20/Sep/2026 12:03:57] "GET /api/platform-stats/ HTTP/1.1" 200 104
[20/Sep/2026 12:03:57] "GET /api/review-sources/ HTTP/1.1" 200 299
[20/Sep/2026 12:03:57] "GET /api/platform-stats/ HTTP/1.1" 200 104
[20/Sep/2026 12:03:58] "GET /api/auth/me/ HTTP/1.1" 200 147
[20/Sep/2026 12:03:58] "GET /api/companies/?category=sales-marketing&sort_by=reviews HTTP/1.1" 200 35311
[20/Sep/2026 12:03:58] "GET /api/auth/me/ HTTP/1.1" 200 147
[20/Sep/2026 12:03:58] "GET /api/companies/?category=leadership-management&sort_by=reviews HTTP/1.1" 200 93724
[20/Sep/2026 12:04:00] "GET /api/notifications/ HTTP/1.1" 200 2
[20/Sep/2026 12:04:00] "GET /api/reviews/?sort_by=newest&limit=9 HTTP/1.1" 200 9940
[20/Sep/2026 12:04:00] "GET /api/companies/ HTTP/1.1" 200 117872
[20/Sep/2026 12:04:01] "GET /api/notifications/ HTTP/1.1" 200 2
[20/Sep/2026 12:04:02] "GET /api/competitors/ HTTP/1.1" 200 206293
[20/Sep/2026 12:04:20] "GET /api/notifications/ HTTP/1.1" 200 2
[20/Sep/2026 12:04:40] "GET /api/notifications/ HTTP/1.1" 200 2
[20/Sep/2026 12:05:07] "GET /api/notifications/ HTTP/1.1" 200 2
[20/Sep/2026 12:05:20] "GET /api/notifications/ HTTP/1.1" 200 2
[20/Sep/2026 12:05:40] "GET /api/notifications/ HTTP/1.1" 200 2
[20/Sep/2026 12:06:00] "GET /api/notifications/ HTTP/1.1" 200 2
[20/Sep/2026 12:06:30] "GET /api/notifications/ HTTP/1.1" 200 2
[20/Sep/2026 12:06:34] "GET /api/auth/csrf/ HTTP/1.1" 200 108
[20/Sep/2026 12:06:34] "GET /api/review-sources/ HTTP/1.1" 200 299
[20/Sep/2026 12:06:34] "GET /api/standards/ HTTP/1.1" 200 4546
[20/Sep/2026 12:06:35] "GET /api/reviews/?rating=5&sort_by=highest&limit=5 HTTP/1.1" 200 3331
[20/Sep/2026 12:06:36] "GET /api/companies/?category=sales-marketing&sort_by=reviews HTTP/1.1" 200 35311
[20/Sep/2026 12:06:36] "GET /api/companies/?category=sales-marketing HTTP/1.1" 200 35311
[20/Sep/2026 12:06:36] "GET /api/platform-stats/ HTTP/1.1" 200 104
[20/Sep/2026 12:06:37] "GET /api/auth/csrf/ HTTP/1.1" 200 108
[20/Sep/2026 12:06:37] "GET /api/companies/?category=leadership-management&sort_by=reviews HTTP/1.1" 200 93724
[20/Sep/2026 12:06:38] "GET /api/standards/ HTTP/1.1" 200 4546
[20/Sep/2026 12:06:38] "GET /api/auth/me/ HTTP/1.1" 200 147
[20/Sep/2026 12:06:39] "GET /api/review-sources/ HTTP/1.1" 200 299
[20/Sep/2026 12:06:39] "GET /api/companies/?category=leadership-management HTTP/1.1" 200 93724
[20/Sep/2026 12:06:41] "GET /api/reviews/?rating=5&sort_by=highest&limit=5 HTTP/1.1" 200 3331
[20/Sep/2026 12:06:41] "GET /api/companies/?category=sales-marketing HTTP/1.1" 200 35311
[20/Sep/2026 12:06:41] "GET /api/platform-stats/ HTTP/1.1" 200 104
[20/Sep/2026 12:06:42] "GET /api/auth/me/ HTTP/1.1" 200 147
[20/Sep/2026 12:06:42] "GET /api/reviews/?sort_by=newest&limit=9 HTTP/1.1" 200 9940
[20/Sep/2026 12:06:42] "GET /api/notifications/ HTTP/1.1" 200 2
[20/Sep/2026 12:06:43] "GET /api/companies/ HTTP/1.1" 200 117872
[20/Sep/2026 12:06:43] "GET /api/companies/?category=leadership-management HTTP/1.1" 200 93724
[20/Sep/2026 12:06:44] "GET /api/notifications/ HTTP/1.1" 200 2
[20/Sep/2026 12:06:45] "GET /api/competitors/ HTTP/1.1" 200 206293
[20/Sep/2026 12:07:04] "GET /api/notifications/ HTTP/1.1" 200 2
[20/Sep/2026 12:07:24] "GET /api/notifications/ HTTP/1.1" 200 2
[20/Sep/2026 12:07:45] "GET /api/notifications/ HTTP/1.1" 200 2
[20/Sep/2026 12:08:03] "GET /api/notifications/ HTTP/1.1" 200 2
[20/Sep/2026 12:08:23] "GET /api/notifications/ HTTP/1.1" 200 2
[20/Sep/2026 12:08:43] "GET /api/notifications/ HTTP/1.1" 200 2
[20/Sep/2026 12:09:03] "GET /api/notifications/ HTTP/1.1" 200 2
[20/Sep/2026 12:09:24] "GET /api/notifications/ HTTP/1.1" 200 2
[20/Sep/2026 12:09:31] "GET /api/auth/csrf/ HTTP/1.1" 200 108
[20/Sep/2026 12:09:31] "GET /api/standards/ HTTP/1.1" 200 4546
[20/Sep/2026 12:09:31] "GET /api/review-sources/ HTTP/1.1" 200 299
[20/Sep/2026 12:09:32] "GET /api/companies/?category=sales-marketing HTTP/1.1" 200 35311
[20/Sep/2026 12:09:32] "GET /api/companies/?category=leadership-management HTTP/1.1" 200 93830
[20/Sep/2026 12:09:32] "GET /api/reviews/?rating=5&sort_by=highest&limit=5 HTTP/1.1" 200 3331
[20/Sep/2026 12:09:33] "GET /api/platform-stats/ HTTP/1.1" 200 104
[20/Sep/2026 12:09:33] "GET /api/companies/?category=sales-marketing&sort_by=reviews HTTP/1.1" 200 35311
[20/Sep/2026 12:09:33] "GET /api/auth/csrf/ HTTP/1.1" 200 108
[20/Sep/2026 12:09:33] "GET /api/auth/me/ HTTP/1.1" 200 147
[20/Sep/2026 12:09:34] "GET /api/standards/ HTTP/1.1" 200 4546
[20/Sep/2026 12:09:34] "GET /api/companies/?category=leadership-management&sort_by=reviews HTTP/1.1" 200 93830
[20/Sep/2026 12:09:35] "GET /api/review-sources/ HTTP/1.1" 200 299
[20/Sep/2026 12:09:35] "GET /api/companies/?category=sales-marketing HTTP/1.1" 200 35311
[20/Sep/2026 12:09:35] "GET /api/auth/me/ HTTP/1.1" 200 147
[20/Sep/2026 12:09:35] "GET /api/companies/?category=leadership-management HTTP/1.1" 200 93830
[20/Sep/2026 12:09:35] "GET /api/reviews/?rating=5&sort_by=highest&limit=5 HTTP/1.1" 200 3331
[20/Sep/2026 12:09:36] "GET /api/platform-stats/ HTTP/1.1" 200 104
[20/Sep/2026 12:09:37] "GET /api/notifications/ HTTP/1.1" 200 2
[20/Sep/2026 12:09:37] "GET /api/reviews/?sort_by=newest&limit=9 HTTP/1.1" 200 9940
[20/Sep/2026 12:09:37] "GET /api/companies/ HTTP/1.1" 200 117978
[20/Sep/2026 12:09:38] "GET /api/notifications/ HTTP/1.1" 200 2
[20/Sep/2026 12:09:39] "GET /api/competitors/ HTTP/1.1" 200 206293
[20/Sep/2026 12:09:57] "GET /api/notifications/ HTTP/1.1" 200 2
[20/Sep/2026 12:10:17] "GET /api/notifications/ HTTP/1.1" 200 2
[20/Sep/2026 12:10:37] "GET /api/notifications/ HTTP/1.1" 200 2
[20/Sep/2026 12:10:57] "GET /api/notifications/ HTTP/1.1" 200 2
[20/Sep/2026 12:11:19] "GET /api/notifications/ HTTP/1.1" 200 2
[20/Sep/2026 12:12:03] "GET /api/auth/csrf/ HTTP/1.1" 200 108
[20/Sep/2026 12:12:06] "GET /api/standards/ HTTP/1.1" 200 4546
[20/Sep/2026 12:12:06] "GET /api/review-sources/ HTTP/1.1" 200 299
[20/Sep/2026 12:12:07] "GET /api/companies/?category=sales-marketing HTTP/1.1" 200 35311
[20/Sep/2026 12:12:10] "GET /api/reviews/?rating=5&sort_by=highest&limit=5 HTTP/1.1" 200 3331
[20/Sep/2026 12:12:10] "GET /api/companies/?category=leadership-management HTTP/1.1" 200 93843
[20/Sep/2026 12:12:13] "GET /api/platform-stats/ HTTP/1.1" 200 104
[20/Sep/2026 12:12:13] "GET /api/auth/csrf/ HTTP/1.1" 200 108
[20/Sep/2026 12:12:13] "GET /api/auth/me/ HTTP/1.1" 200 147
[20/Sep/2026 12:12:13] "GET /api/companies/?category=sales-marketing&sort_by=reviews HTTP/1.1" 200 35311
[20/Sep/2026 12:12:13] "GET /api/standards/ HTTP/1.1" 200 4546
[20/Sep/2026 12:12:15] "GET /api/companies/?category=leadership-management&sort_by=reviews HTTP/1.1" 200 93843
[20/Sep/2026 12:12:15] "GET /api/review-sources/ HTTP/1.1" 200 299
[20/Sep/2026 12:12:15] "GET /api/companies/?category=sales-marketing HTTP/1.1" 200 35311
[20/Sep/2026 12:12:15] "GET /api/companies/?category=leadership-management HTTP/1.1" 200 93843
[20/Sep/2026 12:12:15] "GET /api/reviews/?rating=5&sort_by=highest&limit=5 HTTP/1.1" 200 3331
[20/Sep/2026 12:12:16] "GET /api/auth/me/ HTTP/1.1" 200 147
[20/Sep/2026 12:12:17] "GET /api/notifications/ HTTP/1.1" 200 2
[20/Sep/2026 12:12:17] "GET /api/platform-stats/ HTTP/1.1" 200 104
[20/Sep/2026 12:12:17] "GET /api/companies/ HTTP/1.1" 200 117991
[20/Sep/2026 12:12:17] "GET /api/reviews/?sort_by=newest&limit=9 HTTP/1.1" 200 9940
[20/Sep/2026 12:12:18] "GET /api/notifications/ HTTP/1.1" 200 2
[20/Sep/2026 12:12:19] "GET /api/competitors/ HTTP/1.1" 200 206293
[20/Sep/2026 12:12:24] "POST /api/chatbot/message/ HTTP/1.1" 200 1979
[20/Sep/2026 12:12:38] "GET /api/notifications/ HTTP/1.1" 200 2
[20/Sep/2026 12:12:58] "GET /api/notifications/ HTTP/1.1" 200 2
[20/Sep/2026 12:13:18] "GET /api/notifications/ HTTP/1.1" 200 2
[20/Sep/2026 12:13:38] "GET /api/notifications/ HTTP/1.1" 200 2
[20/Sep/2026 12:13:59] "GET /api/auth/csrf/ HTTP/1.1" 200 108
[20/Sep/2026 12:14:00] "GET /api/standards/ HTTP/1.1" 200 4546
[20/Sep/2026 12:14:00] "GET /api/review-sources/ HTTP/1.1" 200 299
[20/Sep/2026 12:14:00] "GET /api/companies/?category=sales-marketing HTTP/1.1" 200 35311
[20/Sep/2026 12:14:00] "GET /api/reviews/?rating=5&sort_by=highest&limit=5 HTTP/1.1" 200 3331
[20/Sep/2026 12:14:00] "GET /api/companies/?category=leadership-management HTTP/1.1" 200 93898
[20/Sep/2026 12:14:02] "GET /api/auth/csrf/ HTTP/1.1" 200 108
[20/Sep/2026 12:14:02] "GET /api/platform-stats/ HTTP/1.1" 200 104
[20/Sep/2026 12:14:03] "GET /api/auth/me/ HTTP/1.1" 200 147
[20/Sep/2026 12:14:03] "GET /api/standards/ HTTP/1.1" 200 4546
[20/Sep/2026 12:14:04] "GET /api/companies/?category=sales-marketing&sort_by=reviews HTTP/1.1" 200 35311
[20/Sep/2026 12:14:06] "GET /api/companies/?category=leadership-management&sort_by=reviews HTTP/1.1" 200 93898
[20/Sep/2026 12:14:07] "GET /api/review-sources/ HTTP/1.1" 200 299
[20/Sep/2026 12:14:07] "GET /api/companies/?category=sales-marketing HTTP/1.1" 200 35311
[20/Sep/2026 12:14:10] "GET /api/platform-stats/ HTTP/1.1" 200 104
[20/Sep/2026 12:14:10] "GET /api/reviews/?rating=5&sort_by=highest&limit=5 HTTP/1.1" 200 3331
[20/Sep/2026 12:14:10] "GET /api/auth/me/ HTTP/1.1" 200 147
[20/Sep/2026 12:14:11] "GET /api/notifications/ HTTP/1.1" 200 2
[20/Sep/2026 12:14:11] "GET /api/reviews/?sort_by=newest&limit=9 HTTP/1.1" 200 9940
[20/Sep/2026 12:14:13] "GET /api/companies/?category=leadership-management HTTP/1.1" 200 93898
[20/Sep/2026 12:14:13] "GET /api/notifications/ HTTP/1.1" 200 2
[20/Sep/2026 12:14:19] "GET /api/companies/ HTTP/1.1" 200 118046
[20/Sep/2026 12:14:21] "GET /api/competitors/ HTTP/1.1" 200 206293
[20/Sep/2026 12:14:34] "GET /api/notifications/ HTTP/1.1" 200 2
[20/Sep/2026 12:14:52] "GET /api/notifications/ HTTP/1.1" 200 2
[20/Sep/2026 12:15:12] "GET /api/notifications/ HTTP/1.1" 200 2
[20/Sep/2026 12:15:32] "GET /api/notifications/ HTTP/1.1" 200 2
[20/Sep/2026 12:15:52] "GET /api/notifications/ HTTP/1.1" 200 2
[20/Sep/2026 12:16:12] "GET /api/notifications/ HTTP/1.1" 200 2
[20/Sep/2026 12:16:32] "GET /api/notifications/ HTTP/1.1" 200 2
[20/Sep/2026 12:16:52] "GET /api/notifications/ HTTP/1.1" 200 2
[20/Sep/2026 12:17:12] "GET /api/notifications/ HTTP/1.1" 200 2
[20/Sep/2026 12:17:33] "GET /api/notifications/ HTTP/1.1" 200 2
[20/Sep/2026 12:17:49] "GET /api/auth/csrf/ HTTP/1.1" 200 108
[20/Sep/2026 12:17:49] "GET /api/auth/csrf/ HTTP/1.1" 200 108
[20/Sep/2026 12:17:50] "GET /api/standards/ HTTP/1.1" 200 4546
[20/Sep/2026 12:17:50] "GET /api/companies/?category=sales-marketing HTTP/1.1" 200 35311
[20/Sep/2026 12:17:50] "GET /api/reviews/?rating=5&sort_by=highest&limit=5 HTTP/1.1" 200 3331
[20/Sep/2026 12:17:50] "GET /api/companies/?category=leadership-management HTTP/1.1" 200 93898
[20/Sep/2026 12:17:51] "GET /api/review-sources/ HTTP/1.1" 200 299
[20/Sep/2026 12:17:51] "GET /api/platform-stats/ HTTP/1.1" 200 104
[20/Sep/2026 12:17:52] "GET /api/reviews/?rating=5&sort_by=highest&limit=5 HTTP/1.1" 200 3331
[20/Sep/2026 12:17:52] "GET /api/companies/?category=sales-marketing HTTP/1.1" 200 35311
[20/Sep/2026 12:17:52] "GET /api/standards/ HTTP/1.1" 200 4546
[20/Sep/2026 12:17:52] "GET /api/companies/?category=leadership-management HTTP/1.1" 200 93898
[20/Sep/2026 12:17:52] "GET /api/review-sources/ HTTP/1.1" 200 299
[20/Sep/2026 12:17:53] "GET /api/auth/me/ HTTP/1.1" 200 147
[20/Sep/2026 12:17:53] "GET /api/platform-stats/ HTTP/1.1" 200 104
[20/Sep/2026 12:17:53] "GET /api/auth/me/ HTTP/1.1" 200 147
[20/Sep/2026 12:17:53] "GET /api/companies/?category=sales-marketing&sort_by=reviews HTTP/1.1" 200 35311
[20/Sep/2026 12:17:53] "GET /api/companies/?category=leadership-management&sort_by=reviews HTTP/1.1" 200 93898
[20/Sep/2026 12:17:55] "GET /api/notifications/ HTTP/1.1" 200 2
[20/Sep/2026 12:17:55] "GET /api/reviews/?sort_by=newest&limit=9 HTTP/1.1" 200 9940
[20/Sep/2026 12:17:55] "GET /api/companies/ HTTP/1.1" 200 118046
[20/Sep/2026 12:17:56] "GET /api/notifications/ HTTP/1.1" 200 2
[20/Sep/2026 12:17:57] "GET /api/competitors/ HTTP/1.1" 200 206293
[20/Sep/2026 12:18:15] "GET /api/notifications/ HTTP/1.1" 200 2
[20/Sep/2026 12:18:35] "GET /api/notifications/ HTTP/1.1" 200 2
[20/Sep/2026 12:18:46] "GET /api/auth/csrf/ HTTP/1.1" 200 108
[20/Sep/2026 12:18:46] "GET /api/review-sources/ HTTP/1.1" 200 299
[20/Sep/2026 12:18:47] "GET /api/standards/ HTTP/1.1" 200 4546
[20/Sep/2026 12:18:47] "GET /api/companies/?category=sales-marketing HTTP/1.1" 200 35626
[20/Sep/2026 12:18:47] "GET /api/reviews/?rating=5&sort_by=highest&limit=5 HTTP/1.1" 200 3331
[20/Sep/2026 12:18:47] "GET /api/companies/?category=leadership-management HTTP/1.1" 200 94006
[20/Sep/2026 12:18:48] "GET /api/platform-stats/ HTTP/1.1" 200 104
[20/Sep/2026 12:18:48] "GET /api/auth/csrf/ HTTP/1.1" 200 108
[20/Sep/2026 12:18:48] "GET /api/auth/me/ HTTP/1.1" 200 147
[20/Sep/2026 12:18:48] "GET /api/companies/?category=sales-marketing&sort_by=reviews HTTP/1.1" 200 35626
[20/Sep/2026 12:18:48] "GET /api/review-sources/ HTTP/1.1" 200 299
[20/Sep/2026 12:18:48] "GET /api/companies/?category=leadership-management&sort_by=reviews HTTP/1.1" 200 94006
[20/Sep/2026 12:18:50] "GET /api/standards/ HTTP/1.1" 200 4546
[20/Sep/2026 12:18:50] "GET /api/companies/?category=sales-marketing HTTP/1.1" 200 35626
[20/Sep/2026 12:18:50] "GET /api/reviews/?rating=5&sort_by=highest&limit=5 HTTP/1.1" 200 3331
[20/Sep/2026 12:18:51] "GET /api/companies/?category=leadership-management HTTP/1.1" 200 94006
[20/Sep/2026 12:18:51] "GET /api/auth/me/ HTTP/1.1" 200 147
[20/Sep/2026 12:18:51] "GET /api/platform-stats/ HTTP/1.1" 200 104
[20/Sep/2026 12:18:51] "GET /api/notifications/ HTTP/1.1" 200 2
[20/Sep/2026 12:18:52] "GET /api/companies/ HTTP/1.1" 200 118361
[20/Sep/2026 12:18:52] "GET /api/reviews/?sort_by=newest&limit=9 HTTP/1.1" 200 9940
[20/Sep/2026 12:18:53] "GET /api/notifications/ HTTP/1.1" 200 2
[20/Sep/2026 12:18:53] "GET /api/competitors/ HTTP/1.1" 200 206293
[20/Sep/2026 12:19:12] "GET /api/notifications/ HTTP/1.1" 200 2
[20/Sep/2026 12:19:32] "GET /api/notifications/ HTTP/1.1" 200 2
[20/Sep/2026 12:19:52] "GET /api/notifications/ HTTP/1.1" 200 2
[20/Sep/2026 12:20:12] "GET /api/notifications/ HTTP/1.1" 200 2
[20/Sep/2026 12:20:32] "GET /api/notifications/ HTTP/1.1" 200 2
[20/Sep/2026 12:20:52] "GET /api/notifications/ HTTP/1.1" 200 2
[20/Sep/2026 12:21:13] "GET /api/auth/csrf/ HTTP/1.1" 200 108
[20/Sep/2026 12:21:13] "GET /api/auth/csrf/ HTTP/1.1" 200 108
[20/Sep/2026 12:21:13] "GET /api/standards/ HTTP/1.1" 200 4546
[20/Sep/2026 12:21:14] "GET /api/companies/?category=sales-marketing HTTP/1.1" 200 35626
[20/Sep/2026 12:21:14] "GET /api/companies/?category=leadership-management HTTP/1.1" 200 94006
[20/Sep/2026 12:21:14] "GET /api/reviews/?rating=5&sort_by=highest&limit=5 HTTP/1.1" 200 3331
[20/Sep/2026 12:21:14] "GET /api/review-sources/ HTTP/1.1" 200 299
[20/Sep/2026 12:21:15] "GET /api/reviews/?rating=5&sort_by=highest&limit=5 HTTP/1.1" 200 3331
[20/Sep/2026 12:21:15] "GET /api/companies/?category=sales-marketing HTTP/1.1" 200 35626
[20/Sep/2026 12:21:15] "GET /api/standards/ HTTP/1.1" 200 4546
[20/Sep/2026 12:21:15] "GET /api/platform-stats/ HTTP/1.1" 200 104
[20/Sep/2026 12:21:15] "GET /api/companies/?category=leadership-management HTTP/1.1" 200 94006
[20/Sep/2026 12:21:16] "GET /api/review-sources/ HTTP/1.1" 200 299
[20/Sep/2026 12:21:17] "GET /api/platform-stats/ HTTP/1.1" 200 104
[20/Sep/2026 12:21:17] "GET /api/auth/me/ HTTP/1.1" 200 147
[20/Sep/2026 12:21:17] "GET /api/companies/?category=sales-marketing&sort_by=reviews HTTP/1.1" 200 35626
[20/Sep/2026 12:21:17] "GET /api/companies/?category=leadership-management&sort_by=reviews HTTP/1.1" 200 94006
[20/Sep/2026 12:21:21] "GET /api/auth/me/ HTTP/1.1" 200 147
[20/Sep/2026 12:21:23] "GET /api/notifications/ HTTP/1.1" 200 2
[20/Sep/2026 12:21:24] "GET /api/companies/ HTTP/1.1" 200 118361
[20/Sep/2026 12:21:24] "GET /api/reviews/?sort_by=newest&limit=9 HTTP/1.1" 200 9940
[20/Sep/2026 12:21:24] "GET /api/notifications/ HTTP/1.1" 200 2
[20/Sep/2026 12:21:26] "GET /api/competitors/ HTTP/1.1" 200 206293
[20/Sep/2026 12:21:43] "GET /api/notifications/ HTTP/1.1" 200 2
[20/Sep/2026 12:22:03] "GET /api/notifications/ HTTP/1.1" 200 2
[20/Sep/2026 12:22:24] "GET /api/notifications/ HTTP/1.1" 200 2
[20/Sep/2026 12:22:43] "GET /api/notifications/ HTTP/1.1" 200 2
[20/Sep/2026 12:23:03] "GET /api/notifications/ HTTP/1.1" 200 2
[20/Sep/2026 12:23:23] "GET /api/notifications/ HTTP/1.1" 200 2
[20/Sep/2026 12:23:43] "GET /api/notifications/ HTTP/1.1" 200 2
[20/Sep/2026 12:24:03] "GET /api/notifications/ HTTP/1.1" 200 2
[20/Sep/2026 12:24:23] "GET /api/notifications/ HTTP/1.1" 200 2
[20/Sep/2026 12:24:38] "GET /api/auth/csrf/ HTTP/1.1" 200 108
[20/Sep/2026 12:24:38] "GET /api/auth/csrf/ HTTP/1.1" 200 108
[20/Sep/2026 12:24:39] "GET /api/companies/?category=sales-marketing HTTP/1.1" 200 35626
[20/Sep/2026 12:24:39] "GET /api/reviews/?rating=5&sort_by=highest&limit=5 HTTP/1.1" 200 3331
[20/Sep/2026 12:24:39] "GET /api/reviews/?rating=5&sort_by=highest&limit=5 HTTP/1.1" 200 3331
[20/Sep/2026 12:24:39] "GET /api/companies/?category=leadership-management HTTP/1.1" 200 94006
[20/Sep/2026 12:24:39] "GET /api/standards/ HTTP/1.1" 200 4546
[20/Sep/2026 12:24:40] "GET /api/companies/?category=sales-marketing HTTP/1.1" 200 35626
[20/Sep/2026 12:24:40] "GET /api/review-sources/ HTTP/1.1" 200 299
[20/Sep/2026 12:24:40] "GET /api/standards/ HTTP/1.1" 200 4546
[20/Sep/2026 12:24:40] "GET /api/platform-stats/ HTTP/1.1" 200 104
[20/Sep/2026 12:24:41] "GET /api/companies/?category=leadership-management HTTP/1.1" 200 94006
[20/Sep/2026 12:24:41] "GET /api/review-sources/ HTTP/1.1" 200 299
[20/Sep/2026 12:24:42] "GET /api/platform-stats/ HTTP/1.1" 200 104
[20/Sep/2026 12:24:42] "GET /api/companies/?category=sales-marketing&sort_by=reviews HTTP/1.1" 200 35626
[20/Sep/2026 12:24:42] "GET /api/auth/me/ HTTP/1.1" 200 147
[20/Sep/2026 12:24:42] "GET /api/companies/?category=leadership-management&sort_by=reviews HTTP/1.1" 200 94006
[20/Sep/2026 12:24:43] "GET /api/auth/me/ HTTP/1.1" 200 147
[20/Sep/2026 12:24:43] "GET /api/notifications/ HTTP/1.1" 200 2
[20/Sep/2026 12:24:44] "GET /api/companies/ HTTP/1.1" 200 118361
[20/Sep/2026 12:24:44] "GET /api/reviews/?sort_by=newest&limit=9 HTTP/1.1" 200 9940
[20/Sep/2026 12:24:45] "GET /api/notifications/ HTTP/1.1" 200 2
[20/Sep/2026 12:24:45] "GET /api/competitors/ HTTP/1.1" 200 206293
[20/Sep/2026 12:25:05] "GET /api/notifications/ HTTP/1.1" 200 2
[20/Sep/2026 12:25:25] "GET /api/notifications/ HTTP/1.1" 200 2
[20/Sep/2026 12:25:47] "GET /api/auth/csrf/ HTTP/1.1" 200 108
[20/Sep/2026 12:25:48] "GET /api/auth/csrf/ HTTP/1.1" 200 108
[20/Sep/2026 12:25:48] "GET /api/standards/ HTTP/1.1" 200 4546
[20/Sep/2026 12:25:48] "GET /api/companies/?category=sales-marketing HTTP/1.1" 200 35626
[20/Sep/2026 12:25:49] "GET /api/reviews/?rating=5&sort_by=highest&limit=5 HTTP/1.1" 200 3331
[20/Sep/2026 12:25:49] "GET /api/companies/?category=leadership-management HTTP/1.1" 200 94006
[20/Sep/2026 12:25:49] "GET /api/reviews/?rating=5&sort_by=highest&limit=5 HTTP/1.1" 200 3331
[20/Sep/2026 12:25:50] "GET /api/review-sources/ HTTP/1.1" 200 299
[20/Sep/2026 12:25:50] "GET /api/companies/?category=sales-marketing HTTP/1.1" 200 35626
[20/Sep/2026 12:25:50] "GET /api/platform-stats/ HTTP/1.1" 200 104
[20/Sep/2026 12:25:50] "GET /api/companies/?category=sales-marketing&sort_by=reviews HTTP/1.1" 200 35626
[20/Sep/2026 12:25:51] "GET /api/standards/ HTTP/1.1" 200 4546
[20/Sep/2026 12:25:51] "GET /api/companies/?category=leadership-management&sort_by=reviews HTTP/1.1" 200 94006
[20/Sep/2026 12:25:51] "GET /api/companies/?category=leadership-management HTTP/1.1" 200 94006
[20/Sep/2026 12:25:52] "GET /api/review-sources/ HTTP/1.1" 200 299
[20/Sep/2026 12:25:53] "GET /api/auth/csrf/ HTTP/1.1" 200 108
[20/Sep/2026 12:25:53] "GET /api/companies/?category=sales-marketing HTTP/1.1" 200 35626
[20/Sep/2026 12:25:53] "GET /api/standards/ HTTP/1.1" 200 4546
[20/Sep/2026 12:25:53] "GET /api/reviews/?rating=5&sort_by=highest&limit=5 HTTP/1.1" 200 3331
[20/Sep/2026 12:25:53] "GET /api/companies/?category=sales-marketing&sort_by=reviews HTTP/1.1" 200 35626
[20/Sep/2026 12:25:54] "GET /api/companies/?category=leadership-management HTTP/1.1" 200 94006
[20/Sep/2026 12:25:54] "GET /api/companies/?category=leadership-management&sort_by=reviews HTTP/1.1" 200 94006
[20/Sep/2026 12:25:55] "GET /api/review-sources/ HTTP/1.1" 200 299
[20/Sep/2026 12:25:55] "GET /api/auth/csrf/ HTTP/1.1" 200 108
[20/Sep/2026 12:25:55] "GET /api/auth/me/ HTTP/1.1" 200 147
[20/Sep/2026 12:25:55] "GET /api/companies/?category=sales-marketing HTTP/1.1" 200 35626
[20/Sep/2026 12:25:55] "GET /api/platform-stats/ HTTP/1.1" 200 104
[20/Sep/2026 12:25:56] "GET /api/standards/ HTTP/1.1" 200 4546
[20/Sep/2026 12:25:57] "GET /api/companies/?category=leadership-management HTTP/1.1" 200 94006
[20/Sep/2026 12:25:57] "GET /api/reviews/?rating=5&sort_by=highest&limit=5 HTTP/1.1" 200 3331
[20/Sep/2026 12:25:57] "GET /api/review-sources/ HTTP/1.1" 200 299
[20/Sep/2026 12:25:57] "GET /api/reviews/?sort_by=newest&limit=9 HTTP/1.1" 200 9940
[20/Sep/2026 12:25:57] "GET /api/companies/ HTTP/1.1" 200 118361
[20/Sep/2026 12:25:58] "GET /api/auth/me/ HTTP/1.1" 200 147
[20/Sep/2026 12:25:58] "GET /api/notifications/ HTTP/1.1" 200 2
[20/Sep/2026 12:25:59] "GET /api/competitors/ HTTP/1.1" 200 206293
[20/Sep/2026 12:25:59] "GET /api/platform-stats/ HTTP/1.1" 200 104
[20/Sep/2026 12:26:00] "GET /api/notifications/ HTTP/1.1" 200 2
[20/Sep/2026 12:26:02] "GET /api/auth/csrf/ HTTP/1.1" 200 108
[20/Sep/2026 12:26:02] "GET /api/auth/csrf/ HTTP/1.1" 200 108
[20/Sep/2026 12:26:02] "GET /api/reviews/?rating=5&sort_by=highest&limit=5 HTTP/1.1" 200 3331
[20/Sep/2026 12:26:03] "GET /api/companies/?category=sales-marketing HTTP/1.1" 200 35626
[20/Sep/2026 12:26:03] "GET /api/standards/ HTTP/1.1" 200 4546
[20/Sep/2026 12:26:03] "GET /api/companies/?category=leadership-management HTTP/1.1" 200 94006
[20/Sep/2026 12:26:04] "GET /api/review-sources/ HTTP/1.1" 200 299
[20/Sep/2026 12:26:04] "GET /api/reviews/?rating=5&sort_by=highest&limit=5 HTTP/1.1" 200 3331
[20/Sep/2026 12:26:04] "GET /api/platform-stats/ HTTP/1.1" 200 104
[20/Sep/2026 12:26:04] "GET /api/companies/?category=sales-marketing HTTP/1.1" 200 35626
[20/Sep/2026 12:26:05] "GET /api/standards/ HTTP/1.1" 200 4546
[20/Sep/2026 12:26:05] "GET /api/companies/?category=leadership-management HTTP/1.1" 200 94006
[20/Sep/2026 12:26:05] "GET /api/review-sources/ HTTP/1.1" 200 299
[20/Sep/2026 12:26:06] "GET /api/platform-stats/ HTTP/1.1" 200 104
[20/Sep/2026 12:26:06] "GET /api/companies/?category=sales-marketing&sort_by=reviews HTTP/1.1" 200 35626
[20/Sep/2026 12:26:06] "GET /api/auth/me/ HTTP/1.1" 200 147
[20/Sep/2026 12:26:06] "GET /api/companies/?category=leadership-management&sort_by=reviews HTTP/1.1" 200 94006
[20/Sep/2026 12:26:07] "GET /api/auth/me/ HTTP/1.1" 200 147
[20/Sep/2026 12:26:08] "GET /api/notifications/ HTTP/1.1" 200 2
[20/Sep/2026 12:26:08] "GET /api/companies/ HTTP/1.1" 200 118361
[20/Sep/2026 12:26:08] "GET /api/reviews/?sort_by=newest&limit=9 HTTP/1.1" 200 9940
[20/Sep/2026 12:26:09] "GET /api/notifications/ HTTP/1.1" 200 2
[20/Sep/2026 12:26:10] "GET /api/competitors/ HTTP/1.1" 200 206293
[20/Sep/2026 12:26:32] "GET /api/notifications/ HTTP/1.1" 200 2
[20/Sep/2026 12:26:49] "GET /api/notifications/ HTTP/1.1" 200 2
[20/Sep/2026 12:27:09] "GET /api/notifications/ HTTP/1.1" 200 2
[20/Sep/2026 12:27:29] "GET /api/notifications/ HTTP/1.1" 200 2
[20/Sep/2026 12:27:49] "GET /api/notifications/ HTTP/1.1" 200 2
[20/Sep/2026 12:28:08] "GET /api/auth/csrf/ HTTP/1.1" 200 108
[20/Sep/2026 12:28:08] "GET /api/review-sources/ HTTP/1.1" 200 299
[20/Sep/2026 12:28:08] "GET /api/standards/ HTTP/1.1" 200 4546
[20/Sep/2026 12:28:09] "GET /api/companies/?category=sales-marketing HTTP/1.1" 200 35626
[20/Sep/2026 12:28:09] "GET /api/reviews/?rating=5&sort_by=highest&limit=5 HTTP/1.1" 200 3331
[20/Sep/2026 12:28:09] "GET /api/companies/?category=leadership-management HTTP/1.1" 200 94006
[20/Sep/2026 12:28:10] "GET /api/auth/me/ HTTP/1.1" 200 147
[20/Sep/2026 12:28:10] "GET /api/platform-stats/ HTTP/1.1" 200 104
[20/Sep/2026 12:28:10] "GET /api/auth/csrf/ HTTP/1.1" 200 108
[20/Sep/2026 12:28:10] "GET /api/companies/?category=sales-marketing&sort_by=reviews HTTP/1.1" 200 35626
[20/Sep/2026 12:28:10] "GET /api/companies/?category=leadership-management&sort_by=reviews HTTP/1.1" 200 94006
[20/Sep/2026 12:28:10] "GET /api/review-sources/ HTTP/1.1" 200 299
[20/Sep/2026 12:28:11] "GET /api/standards/ HTTP/1.1" 200 4546
[20/Sep/2026 12:28:12] "GET /api/companies/?category=sales-marketing HTTP/1.1" 200 35626
[20/Sep/2026 12:28:12] "GET /api/reviews/?rating=5&sort_by=highest&limit=5 HTTP/1.1" 200 3331
[20/Sep/2026 12:28:12] "GET /api/notifications/ HTTP/1.1" 200 2
[20/Sep/2026 12:28:12] "GET /api/companies/?category=leadership-management HTTP/1.1" 200 94006
[20/Sep/2026 12:28:12] "GET /api/platform-stats/ HTTP/1.1" 200 104
[20/Sep/2026 12:28:13] "GET /api/auth/me/ HTTP/1.1" 200 147
[20/Sep/2026 12:28:14] "GET /api/reviews/?sort_by=newest&limit=9 HTTP/1.1" 200 9940
[20/Sep/2026 12:28:14] "GET /api/companies/ HTTP/1.1" 200 118361
[20/Sep/2026 12:28:15] "GET /api/notifications/ HTTP/1.1" 200 2
[20/Sep/2026 12:28:15] "GET /api/competitors/ HTTP/1.1" 200 206293
[20/Sep/2026 12:28:29] "GET /api/auth/csrf/ HTTP/1.1" 200 108
[20/Sep/2026 12:28:29] "GET /api/auth/csrf/ HTTP/1.1" 200 108
[20/Sep/2026 12:28:30] "GET /api/standards/ HTTP/1.1" 200 4546
[20/Sep/2026 12:28:30] "GET /api/companies/?category=sales-marketing HTTP/1.1" 200 35626
[20/Sep/2026 12:28:30] "GET /api/reviews/?rating=5&sort_by=highest&limit=5 HTTP/1.1" 200 3331
[20/Sep/2026 12:28:30] "GET /api/companies/?category=leadership-management HTTP/1.1" 200 94006
[20/Sep/2026 12:28:31] "GET /api/review-sources/ HTTP/1.1" 200 299
[20/Sep/2026 12:28:31] "GET /api/platform-stats/ HTTP/1.1" 200 104
[20/Sep/2026 12:28:31] "GET /api/standards/ HTTP/1.1" 200 4546
[20/Sep/2026 12:28:31] "GET /api/reviews/?rating=5&sort_by=highest&limit=5 HTTP/1.1" 200 3331
[20/Sep/2026 12:28:31] "GET /api/companies/?category=sales-marketing HTTP/1.1" 200 35626
[20/Sep/2026 12:28:32] "GET /api/companies/?category=leadership-management HTTP/1.1" 200 94006
[20/Sep/2026 12:28:32] "GET /api/review-sources/ HTTP/1.1" 200 299
[20/Sep/2026 12:28:33] "GET /api/auth/me/ HTTP/1.1" 200 147
[20/Sep/2026 12:28:33] "GET /api/companies/?category=sales-marketing&sort_by=reviews HTTP/1.1" 200 35626
[20/Sep/2026 12:28:33] "GET /api/platform-stats/ HTTP/1.1" 200 104
[20/Sep/2026 12:28:33] "GET /api/companies/?category=leadership-management&sort_by=reviews HTTP/1.1" 200 94006
[20/Sep/2026 12:28:33] "GET /api/auth/me/ HTTP/1.1" 200 147
[20/Sep/2026 12:28:35] "GET /api/notifications/ HTTP/1.1" 200 2
[20/Sep/2026 12:28:36] "GET /api/companies/ HTTP/1.1" 200 118361
[20/Sep/2026 12:28:36] "GET /api/reviews/?sort_by=newest&limit=9 HTTP/1.1" 200 9940
[20/Sep/2026 12:28:37] "GET /api/notifications/ HTTP/1.1" 200 2
[20/Sep/2026 12:28:38] "GET /api/competitors/ HTTP/1.1" 200 206293
[20/Sep/2026 12:28:43] "GET /api/auth/csrf/ HTTP/1.1" 200 108
[20/Sep/2026 12:28:43] "GET /api/auth/csrf/ HTTP/1.1" 200 108
[20/Sep/2026 12:28:43] "GET /api/standards/ HTTP/1.1" 200 4546
[20/Sep/2026 12:28:44] "GET /api/companies/?category=sales-marketing HTTP/1.1" 200 35626
[20/Sep/2026 12:28:44] "GET /api/companies/?category=leadership-management HTTP/1.1" 200 94006
[20/Sep/2026 12:28:44] "GET /api/reviews/?rating=5&sort_by=highest&limit=5 HTTP/1.1" 200 3331
[20/Sep/2026 12:28:45] "GET /api/review-sources/ HTTP/1.1" 200 299
[20/Sep/2026 12:28:46] "GET /api/platform-stats/ HTTP/1.1" 200 104
[20/Sep/2026 12:28:46] "GET /api/companies/?category=sales-marketing HTTP/1.1" 200 35626
[20/Sep/2026 12:28:46] "GET /api/reviews/?rating=5&sort_by=highest&limit=5 HTTP/1.1" 200 3331
[20/Sep/2026 12:28:46] "GET /api/standards/ HTTP/1.1" 200 4546
[20/Sep/2026 12:28:46] "GET /api/companies/?category=leadership-management HTTP/1.1" 200 94006
[20/Sep/2026 12:28:46] "GET /api/review-sources/ HTTP/1.1" 200 299
[20/Sep/2026 12:28:47] "GET /api/companies/?category=sales-marketing&sort_by=reviews HTTP/1.1" 200 35626
[20/Sep/2026 12:28:48] "GET /api/companies/?category=leadership-management&sort_by=reviews HTTP/1.1" 200 94006
[20/Sep/2026 12:28:48] "GET /api/platform-stats/ HTTP/1.1" 200 104
[20/Sep/2026 12:28:48] "GET /api/auth/me/ HTTP/1.1" 200 147
[20/Sep/2026 12:28:49] "GET /api/auth/me/ HTTP/1.1" 200 147
[20/Sep/2026 12:28:49] "GET /api/notifications/ HTTP/1.1" 200 2
[20/Sep/2026 12:28:49] "GET /api/companies/ HTTP/1.1" 200 118361
[20/Sep/2026 12:28:50] "GET /api/reviews/?sort_by=newest&limit=9 HTTP/1.1" 200 9940
[20/Sep/2026 12:28:51] "GET /api/notifications/ HTTP/1.1" 200 2
[20/Sep/2026 12:28:51] "GET /api/competitors/ HTTP/1.1" 200 206293
[20/Sep/2026 12:29:12] "GET /api/notifications/ HTTP/1.1" 200 2
[20/Sep/2026 12:29:31] "GET /api/notifications/ HTTP/1.1" 200 2
[20/Sep/2026 12:29:51] "GET /api/notifications/ HTTP/1.1" 200 2
[20/Sep/2026 12:30:11] "GET /api/notifications/ HTTP/1.1" 200 2
